clock_tick,year,day_of_year,day_of_week,hour_of_day,minute
1,2026,54,M,8,0
2,2026,54,M,8,1
3,2026,54,M,8,2
4,2026,54,M,8,3
5,2026,54,M,8,4
6,2026,54,M,8,5
7,2026,54,M,8,6
8,2026,54,M,8,7
9,2026,54,M,8,8
10,2026,54,M,8,9
11,2026,54,M,8,10
12,2026,54,M,8,11
13,2026,54,M,8,12
14,2026,54,M,8,13
15,2026,54,M,8,14
16,2026,54,M,8,15
17,2026,54,M,8,16
18,2026,54,M,8,17
19,2026,54,M,8,18
20,2026,54,M,8,19
21,2026,54,M,8,20
22,2026,54,M,8,21
23,2026,54,M,8,22
24,2026,54,M,8,23
25,2026,54,M,8,24
26,2026,54,M,8,25
27,2026,54,M,8,26
28,2026,54,M,8,27
29,2026,54,M,8,28
30,2026,54,M,8,29
31,2026,54,M,8,30
32,2026,54,M,8,31
33,2026,54,M,8,32
34,2026,54,M,8,33
35,2026,54,M,8,34
36,2026,54,M,8,35
37,2026,54,M,8,36
38,2026,54,M,8,37
39,2026,54,M,8,38
40,2026,54,M,8,39
41,2026,54,M,8,40
42,2026,54,M,8,41
43,2026,54,M,8,42
44,2026,54,M,8,43
45,2026,54,M,8,44
46,2026,54,M,8,45
47,2026,54,M,8,46
48,2026,54,M,8,47
49,2026,54,M,8,48
50,2026,54,M,8,49
51,2026,54,M,8,50
52,2026,54,M,8,51
53,2026,54,M,8,52
54,2026,54,M,8,53
55,2026,54,M,8,54
56,2026,54,M,8,55
57,2026,54,M,8,56
58,2026,54,M,8,57
59,2026,54,M,8,58
60,2026,54,M,8,59
61,2026,54,M,9,0
62,2026,54,M,9,1
63,2026,54,M,9,2
64,2026,54,M,9,3
65,2026,54,M,9,4
66,2026,54,M,9,5
67,2026,54,M,9,6
68,2026,54,M,9,7
69,2026,54,M,9,8
70,2026,54,M,9,9
71,2026,54,M,9,10
72,2026,54,M,9,11
73,2026,54,M,9,12
74,2026,54,M,9,13
75,2026,54,M,9,14
76,2026,54,M,9,15
77,2026,54,M,9,16
78,2026,54,M,9,17
79,2026,54,M,9,18
80,2026,54,M,9,19
81,2026,54,M,9,20
82,2026,54,M,9,21
83,2026,54,M,9,22
84,2026,54,M,9,23
85,2026,54,M,9,24
86,2026,54,M,9,25
87,2026,54,M,9,26
88,2026,54,M,9,27
89,2026,54,M,9,28
90,2026,54,M,9,29
91,2026,54,M,9,30
92,2026,54,M,9,31
93,2026,54,M,9,32
94,2026,54,M,9,33
95,2026,54,M,9,34
96,2026,54,M,9,35
97,2026,54,M,9,36
98,2026,54,M,9,37
99,2026,54,M,9,38
100,2026,54,M,9,39
101,2026,54,M,9,40
102,2026,54,M,9,41
103,2026,54,M,9,42
104,2026,54,M,9,43
105,2026,54,M,9,44
106,2026,54,M,9,45
107,2026,54,M,9,46
108,2026,54,M,9,47
109,2026,54,M,9,48
110,2026,54,M,9,49
111,2026,54,M,9,50
112,2026,54,M,9,51
113,2026,54,M,9,52
114,2026,54,M,9,53
115,2026,54,M,9,54
116,2026,54,M,9,55
117,2026,54,M,9,56
118,2026,54,M,9,57
119,2026,54,M,9,58
120,2026,54,M,9,59
121,2026,54,M,10,0
122,2026,54,M,10,1
123,2026,54,M,10,2
124,2026,54,M,10,3
125,2026,54,M,10,4
126,2026,54,M,10,5
127,2026,54,M,10,6
128,2026,54,M,10,7
129,2026,54,M,10,8
130,2026,54,M,10,9
131,2026,54,M,10,10
132,2026,54,M,10,11
133,2026,54,M,10,12
134,2026,54,M,10,13
135,2026,54,M,10,14
136,2026,54,M,10,15
137,2026,54,M,10,16
138,2026,54,M,10,17
140,2026,54,M,10,19
141,2026,54,M,10,20
142,2026,54,M,10,21
143,2026,54,M,10,22
144,2026,54,M,10,23
145,2026,54,M,10,24
146,2026,54,M,10,25
147,2026,54,M,10,26
148,2026,54,M,10,27
149,2026,54,M,10,28
152,2026,54,M,10,31
154,2026,54,M,10,33
155,2026,54,M,10,34
158,2026,54,M,10,37
159,2026,54,M,10,38
160,2026,54,M,10,39
161,2026,54,M,10,40
162,2026,54,M,10,41
163,2026,54,M,10,42
165,2026,54,M,10,44
166,2026,54,M,10,45
168,2026,54,M,10,47
169,2026,54,M,10,48
170,2026,54,M,10,49
172,2026,54,M,10,51
174,2026,54,M,10,53
176,2026,54,M,10,55
177,2026,54,M,10,56
178,2026,54,M,10,57
179,2026,54,M,10,58
180,2026,54,M,10,59
181,2026,54,M,11,0
182,2026,54,M,11,1
185,2026,54,M,11,4
186,2026,54,M,11,5
187,2026,54,M,11,6
188,2026,54,M,11,7
189,2026,54,M,11,8
193,2026,54,M,11,12
194,2026,54,M,11,13
196,2026,54,M,11,15
197,2026,54,M,11,16
198,2026,54,M,11,17
199,2026,54,M,11,18
200,2026,54,M,11,19
204,2026,54,M,11,23
205,2026,54,M,11,24
206,2026,54,M,11,25
207,2026,54,M,11,26
209,2026,54,M,11,28
212,2026,54,M,11,31
213,2026,54,M,11,32
214,2026,54,M,11,33
216,2026,54,M,11,35
218,2026,54,M,11,37
221,2026,54,M,11,40
226,2026,54,M,11,45
228,2026,54,M,11,47
229,2026,54,M,11,48
230,2026,54,M,11,49
235,2026,54,M,11,54
236,2026,54,M,11,55
237,2026,54,M,11,56
238,2026,54,M,11,57
239,2026,54,M,11,58
240,2026,54,M,11,59
245,2026,54,M,12,4
249,2026,54,M,12,8
251,2026,54,M,12,10
252,2026,54,M,12,11
253,2026,54,M,12,12
258,2026,54,M,12,17
260,2026,54,M,12,19
261,2026,54,M,12,20
264,2026,54,M,12,23
265,2026,54,M,12,24
266,2026,54,M,12,25
270,2026,54,M,12,29
271,2026,54,M,12,30
272,2026,54,M,12,31
273,2026,54,M,12,32
275,2026,54,M,12,34
276,2026,54,M,12,35
277,2026,54,M,12,36
278,2026,54,M,12,37
280,2026,54,M,12,39
281,2026,54,M,12,40
286,2026,54,M,12,45
288,2026,54,M,12,47
291,2026,54,M,12,50
292,2026,54,M,12,51
293,2026,54,M,12,52
294,2026,54,M,12,53
296,2026,54,M,12,55
297,2026,54,M,12,56
298,2026,54,M,12,57
299,2026,54,M,12,58
309,2026,54,M,13,8
310,2026,54,M,13,9
316,2026,54,M,13,15
317,2026,54,M,13,16
318,2026,54,M,13,17
320,2026,54,M,13,19
323,2026,54,M,13,22
325,2026,54,M,13,24
326,2026,54,M,13,25
329,2026,54,M,13,28
332,2026,54,M,13,31
335,2026,54,M,13,34
340,2026,54,M,13,39
341,2026,54,M,13,40
343,2026,54,M,13,42
345,2026,54,M,13,44
346,2026,54,M,13,45
348,2026,54,M,13,47
349,2026,54,M,13,48
351,2026,54,M,13,50
352,2026,54,M,13,51
354,2026,54,M,13,53
356,2026,54,M,13,55
358,2026,54,M,13,57
359,2026,54,M,13,58
360,2026,54,M,13,59
363,2026,54,M,14,2
364,2026,54,M,14,3
365,2026,54,M,14,4
367,2026,54,M,14,6
372,2026,54,M,14,11
374,2026,54,M,14,13
375,2026,54,M,14,14
377,2026,54,M,14,16
378,2026,54,M,14,17
379,2026,54,M,14,18
380,2026,54,M,14,19
381,2026,54,M,14,20
139,2026,54,M,10,18
150,2026,54,M,10,29
151,2026,54,M,10,30
153,2026,54,M,10,32
156,2026,54,M,10,35
157,2026,54,M,10,36
164,2026,54,M,10,43
167,2026,54,M,10,46
171,2026,54,M,10,50
173,2026,54,M,10,52
175,2026,54,M,10,54
183,2026,54,M,11,2
184,2026,54,M,11,3
190,2026,54,M,11,9
191,2026,54,M,11,10
192,2026,54,M,11,11
195,2026,54,M,11,14
201,2026,54,M,11,20
202,2026,54,M,11,21
203,2026,54,M,11,22
208,2026,54,M,11,27
210,2026,54,M,11,29
211,2026,54,M,11,30
215,2026,54,M,11,34
217,2026,54,M,11,36
219,2026,54,M,11,38
220,2026,54,M,11,39
222,2026,54,M,11,41
223,2026,54,M,11,42
224,2026,54,M,11,43
225,2026,54,M,11,44
227,2026,54,M,11,46
231,2026,54,M,11,50
232,2026,54,M,11,51
233,2026,54,M,11,52
234,2026,54,M,11,53
241,2026,54,M,12,0
242,2026,54,M,12,1
243,2026,54,M,12,2
244,2026,54,M,12,3
246,2026,54,M,12,5
247,2026,54,M,12,6
248,2026,54,M,12,7
250,2026,54,M,12,9
254,2026,54,M,12,13
255,2026,54,M,12,14
256,2026,54,M,12,15
257,2026,54,M,12,16
259,2026,54,M,12,18
262,2026,54,M,12,21
263,2026,54,M,12,22
267,2026,54,M,12,26
268,2026,54,M,12,27
269,2026,54,M,12,28
274,2026,54,M,12,33
279,2026,54,M,12,38
282,2026,54,M,12,41
283,2026,54,M,12,42
284,2026,54,M,12,43
285,2026,54,M,12,44
287,2026,54,M,12,46
289,2026,54,M,12,48
290,2026,54,M,12,49
295,2026,54,M,12,54
300,2026,54,M,12,59
301,2026,54,M,13,0
302,2026,54,M,13,1
303,2026,54,M,13,2
304,2026,54,M,13,3
305,2026,54,M,13,4
306,2026,54,M,13,5
307,2026,54,M,13,6
308,2026,54,M,13,7
311,2026,54,M,13,10
312,2026,54,M,13,11
313,2026,54,M,13,12
314,2026,54,M,13,13
315,2026,54,M,13,14
319,2026,54,M,13,18
321,2026,54,M,13,20
322,2026,54,M,13,21
324,2026,54,M,13,23
327,2026,54,M,13,26
328,2026,54,M,13,27
330,2026,54,M,13,29
331,2026,54,M,13,30
333,2026,54,M,13,32
334,2026,54,M,13,33
336,2026,54,M,13,35
337,2026,54,M,13,36
338,2026,54,M,13,37
339,2026,54,M,13,38
342,2026,54,M,13,41
344,2026,54,M,13,43
347,2026,54,M,13,46
350,2026,54,M,13,49
353,2026,54,M,13,52
355,2026,54,M,13,54
357,2026,54,M,13,56
361,2026,54,M,14,0
362,2026,54,M,14,1
366,2026,54,M,14,5
368,2026,54,M,14,7
369,2026,54,M,14,8
370,2026,54,M,14,9
371,2026,54,M,14,10
373,2026,54,M,14,12
376,2026,54,M,14,15
383,2026,54,M,14,22
387,2026,54,M,14,26
389,2026,54,M,14,28
390,2026,54,M,14,29
391,2026,54,M,14,30
395,2026,54,M,14,34
400,2026,54,M,14,39
401,2026,54,M,14,40
403,2026,54,M,14,42
407,2026,54,M,14,46
408,2026,54,M,14,47
409,2026,54,M,14,48
410,2026,54,M,14,49
412,2026,54,M,14,51
413,2026,54,M,14,52
418,2026,54,M,14,57
419,2026,54,M,14,58
420,2026,54,M,14,59
421,2026,54,M,15,0
422,2026,54,M,15,1
424,2026,54,M,15,3
425,2026,54,M,15,4
426,2026,54,M,15,5
427,2026,54,M,15,6
428,2026,54,M,15,7
431,2026,54,M,15,10
432,2026,54,M,15,11
436,2026,54,M,15,15
382,2026,54,M,14,21
384,2026,54,M,14,23
385,2026,54,M,14,24
386,2026,54,M,14,25
388,2026,54,M,14,27
392,2026,54,M,14,31
393,2026,54,M,14,32
394,2026,54,M,14,33
396,2026,54,M,14,35
397,2026,54,M,14,36
398,2026,54,M,14,37
399,2026,54,M,14,38
402,2026,54,M,14,41
404,2026,54,M,14,43
405,2026,54,M,14,44
406,2026,54,M,14,45
411,2026,54,M,14,50
414,2026,54,M,14,53
415,2026,54,M,14,54
416,2026,54,M,14,55
417,2026,54,M,14,56
423,2026,54,M,15,2
429,2026,54,M,15,8
430,2026,54,M,15,9
433,2026,54,M,15,12
434,2026,54,M,15,13
435,2026,54,M,15,14
438,2026,54,M,15,17
440,2026,54,M,15,19
442,2026,54,M,15,21
443,2026,54,M,15,22
444,2026,54,M,15,23
448,2026,54,M,15,27
449,2026,54,M,15,28
452,2026,54,M,15,31
453,2026,54,M,15,32
454,2026,54,M,15,33
459,2026,54,M,15,38
461,2026,54,M,15,40
463,2026,54,M,15,42
468,2026,54,M,15,47
471,2026,54,M,15,50
477,2026,54,M,15,56
478,2026,54,M,15,57
479,2026,54,M,15,58
480,2026,54,M,15,59
482,2026,54,M,16,1
485,2026,54,M,16,4
486,2026,54,M,16,5
487,2026,54,M,16,6
488,2026,54,M,16,7
489,2026,54,M,16,8
495,2026,54,M,16,14
496,2026,54,M,16,15
499,2026,54,M,16,18
500,2026,54,M,16,19
501,2026,54,M,16,20
503,2026,54,M,16,22
504,2026,54,M,16,23
509,2026,54,M,16,28
511,2026,54,M,16,30
512,2026,54,M,16,31
513,2026,54,M,16,32
514,2026,54,M,16,33
518,2026,54,M,16,37
520,2026,54,M,16,39
522,2026,54,M,16,41
523,2026,54,M,16,42
525,2026,54,M,16,44
526,2026,54,M,16,45
527,2026,54,M,16,46
528,2026,54,M,16,47
529,2026,54,M,16,48
531,2026,54,M,16,50
535,2026,54,M,16,54
536,2026,54,M,16,55
539,2026,54,M,16,58
541,2026,54,M,17,0
545,2026,54,M,17,4
547,2026,54,M,17,6
548,2026,54,M,17,7
549,2026,54,M,17,8
551,2026,54,M,17,10
554,2026,54,M,17,13
555,2026,54,M,17,14
556,2026,54,M,17,15
559,2026,54,M,17,18
560,2026,54,M,17,19
561,2026,54,M,17,20
563,2026,54,M,17,22
564,2026,54,M,17,23
566,2026,54,M,17,25
568,2026,54,M,17,27
569,2026,54,M,17,28
571,2026,54,M,17,30
572,2026,54,M,17,31
573,2026,54,M,17,32
574,2026,54,M,17,33
575,2026,54,M,17,34
576,2026,54,M,17,35
578,2026,54,M,17,37
581,2026,54,M,17,40
588,2026,54,M,17,47
590,2026,54,M,17,49
591,2026,54,M,17,50
592,2026,54,M,17,51
595,2026,54,M,17,54
599,2026,54,M,17,58
600,2026,54,M,17,59
601,2026,54,M,18,0
602,2026,54,M,18,1
604,2026,54,M,18,3
609,2026,54,M,18,8
612,2026,54,M,18,11
613,2026,54,M,18,12
614,2026,54,M,18,13
619,2026,54,M,18,18
620,2026,54,M,18,19
621,2026,54,M,18,20
625,2026,54,M,18,24
632,2026,54,M,18,31
636,2026,54,M,18,35
639,2026,54,M,18,38
640,2026,54,M,18,39
642,2026,54,M,18,41
643,2026,54,M,18,42
644,2026,54,M,18,43
646,2026,54,M,18,45
647,2026,54,M,18,46
648,2026,54,M,18,47
649,2026,54,M,18,48
650,2026,54,M,18,49
653,2026,54,M,18,52
655,2026,54,M,18,54
656,2026,54,M,18,55
658,2026,54,M,18,57
437,2026,54,M,15,16
439,2026,54,M,15,18
441,2026,54,M,15,20
445,2026,54,M,15,24
446,2026,54,M,15,25
447,2026,54,M,15,26
450,2026,54,M,15,29
451,2026,54,M,15,30
455,2026,54,M,15,34
456,2026,54,M,15,35
457,2026,54,M,15,36
458,2026,54,M,15,37
460,2026,54,M,15,39
462,2026,54,M,15,41
464,2026,54,M,15,43
465,2026,54,M,15,44
466,2026,54,M,15,45
467,2026,54,M,15,46
469,2026,54,M,15,48
470,2026,54,M,15,49
472,2026,54,M,15,51
473,2026,54,M,15,52
474,2026,54,M,15,53
475,2026,54,M,15,54
476,2026,54,M,15,55
481,2026,54,M,16,0
483,2026,54,M,16,2
484,2026,54,M,16,3
490,2026,54,M,16,9
491,2026,54,M,16,10
492,2026,54,M,16,11
493,2026,54,M,16,12
494,2026,54,M,16,13
497,2026,54,M,16,16
498,2026,54,M,16,17
502,2026,54,M,16,21
505,2026,54,M,16,24
506,2026,54,M,16,25
507,2026,54,M,16,26
508,2026,54,M,16,27
510,2026,54,M,16,29
515,2026,54,M,16,34
516,2026,54,M,16,35
517,2026,54,M,16,36
519,2026,54,M,16,38
521,2026,54,M,16,40
524,2026,54,M,16,43
530,2026,54,M,16,49
532,2026,54,M,16,51
533,2026,54,M,16,52
534,2026,54,M,16,53
537,2026,54,M,16,56
538,2026,54,M,16,57
540,2026,54,M,16,59
542,2026,54,M,17,1
543,2026,54,M,17,2
544,2026,54,M,17,3
546,2026,54,M,17,5
550,2026,54,M,17,9
552,2026,54,M,17,11
553,2026,54,M,17,12
557,2026,54,M,17,16
558,2026,54,M,17,17
562,2026,54,M,17,21
565,2026,54,M,17,24
567,2026,54,M,17,26
570,2026,54,M,17,29
577,2026,54,M,17,36
579,2026,54,M,17,38
580,2026,54,M,17,39
582,2026,54,M,17,41
583,2026,54,M,17,42
584,2026,54,M,17,43
585,2026,54,M,17,44
586,2026,54,M,17,45
587,2026,54,M,17,46
589,2026,54,M,17,48
593,2026,54,M,17,52
594,2026,54,M,17,53
596,2026,54,M,17,55
597,2026,54,M,17,56
598,2026,54,M,17,57
603,2026,54,M,18,2
605,2026,54,M,18,4
606,2026,54,M,18,5
607,2026,54,M,18,6
608,2026,54,M,18,7
610,2026,54,M,18,9
611,2026,54,M,18,10
615,2026,54,M,18,14
616,2026,54,M,18,15
617,2026,54,M,18,16
618,2026,54,M,18,17
622,2026,54,M,18,21
623,2026,54,M,18,22
624,2026,54,M,18,23
626,2026,54,M,18,25
627,2026,54,M,18,26
628,2026,54,M,18,27
629,2026,54,M,18,28
630,2026,54,M,18,29
631,2026,54,M,18,30
633,2026,54,M,18,32
634,2026,54,M,18,33
635,2026,54,M,18,34
637,2026,54,M,18,36
638,2026,54,M,18,37
641,2026,54,M,18,40
645,2026,54,M,18,44
651,2026,54,M,18,50
652,2026,54,M,18,51
654,2026,54,M,18,53
657,2026,54,M,18,56
662,2026,54,M,19,1
663,2026,54,M,19,2
666,2026,54,M,19,5
667,2026,54,M,19,6
673,2026,54,M,19,12
674,2026,54,M,19,13
675,2026,54,M,19,14
676,2026,54,M,19,15
678,2026,54,M,19,17
679,2026,54,M,19,18
683,2026,54,M,19,22
684,2026,54,M,19,23
685,2026,54,M,19,24
686,2026,54,M,19,25
687,2026,54,M,19,26
688,2026,54,M,19,27
690,2026,54,M,19,29
691,2026,54,M,19,30
692,2026,54,M,19,31
694,2026,54,M,19,33
695,2026,54,M,19,34
697,2026,54,M,19,36
698,2026,54,M,19,37
659,2026,54,M,18,58
660,2026,54,M,18,59
661,2026,54,M,19,0
664,2026,54,M,19,3
665,2026,54,M,19,4
668,2026,54,M,19,7
669,2026,54,M,19,8
670,2026,54,M,19,9
671,2026,54,M,19,10
672,2026,54,M,19,11
677,2026,54,M,19,16
680,2026,54,M,19,19
681,2026,54,M,19,20
682,2026,54,M,19,21
689,2026,54,M,19,28
693,2026,54,M,19,32
696,2026,54,M,19,35
699,2026,54,M,19,38
700,2026,54,M,19,39
701,2026,54,M,19,40
702,2026,54,M,19,41
703,2026,54,M,19,42
706,2026,54,M,19,45
707,2026,54,M,19,46
709,2026,54,M,19,48
710,2026,54,M,19,49
715,2026,54,M,19,54
717,2026,54,M,19,56
718,2026,54,M,19,57
720,2026,54,M,19,59
721,2026,54,M,20,0
724,2026,54,M,20,3
727,2026,54,M,20,6
728,2026,54,M,20,7
729,2026,54,M,20,8
731,2026,54,M,20,10
732,2026,54,M,20,11
733,2026,54,M,20,12
735,2026,54,M,20,14
736,2026,54,M,20,15
738,2026,54,M,20,17
740,2026,54,M,20,19
741,2026,54,M,20,20
742,2026,54,M,20,21
747,2026,54,M,20,26
748,2026,54,M,20,27
755,2026,54,M,20,34
760,2026,54,M,20,39
762,2026,54,M,20,41
765,2026,54,M,20,44
769,2026,54,M,20,48
770,2026,54,M,20,49
771,2026,54,M,20,50
773,2026,54,M,20,52
774,2026,54,M,20,53
775,2026,54,M,20,54
776,2026,54,M,20,55
777,2026,54,M,20,56
779,2026,54,M,20,58
780,2026,54,M,20,59
783,2026,54,M,21,2
786,2026,54,M,21,5
789,2026,54,M,21,8
791,2026,54,M,21,10
792,2026,54,M,21,11
793,2026,54,M,21,12
794,2026,54,M,21,13
795,2026,54,M,21,14
796,2026,54,M,21,15
797,2026,54,M,21,16
799,2026,54,M,21,18
800,2026,54,M,21,19
801,2026,54,M,21,20
803,2026,54,M,21,22
805,2026,54,M,21,24
806,2026,54,M,21,25
807,2026,54,M,21,26
812,2026,54,M,21,31
815,2026,54,M,21,34
817,2026,54,M,21,36
818,2026,54,M,21,37
823,2026,54,M,21,42
824,2026,54,M,21,43
826,2026,54,M,21,45
829,2026,54,M,21,48
833,2026,54,M,21,52
834,2026,54,M,21,53
835,2026,54,M,21,54
836,2026,54,M,21,55
837,2026,54,M,21,56
838,2026,54,M,21,57
841,2026,54,M,22,0
842,2026,54,M,22,1
848,2026,54,M,22,7
853,2026,54,M,22,12
856,2026,54,M,22,15
857,2026,54,M,22,16
861,2026,54,M,22,20
862,2026,54,M,22,21
863,2026,54,M,22,22
867,2026,54,M,22,26
868,2026,54,M,22,27
871,2026,54,M,22,30
872,2026,54,M,22,31
873,2026,54,M,22,32
876,2026,54,M,22,35
877,2026,54,M,22,36
879,2026,54,M,22,38
881,2026,54,M,22,40
883,2026,54,M,22,42
885,2026,54,M,22,44
887,2026,54,M,22,46
890,2026,54,M,22,49
893,2026,54,M,22,52
894,2026,54,M,22,53
896,2026,54,M,22,55
899,2026,54,M,22,58
900,2026,54,M,22,59
903,2026,54,M,23,2
905,2026,54,M,23,4
906,2026,54,M,23,5
909,2026,54,M,23,8
911,2026,54,M,23,10
914,2026,54,M,23,13
916,2026,54,M,23,15
917,2026,54,M,23,16
918,2026,54,M,23,17
919,2026,54,M,23,18
922,2026,54,M,23,21
923,2026,54,M,23,22
924,2026,54,M,23,23
927,2026,54,M,23,26
931,2026,54,M,23,30
932,2026,54,M,23,31
933,2026,54,M,23,32
935,2026,54,M,23,34
704,2026,54,M,19,43
705,2026,54,M,19,44
708,2026,54,M,19,47
711,2026,54,M,19,50
712,2026,54,M,19,51
713,2026,54,M,19,52
714,2026,54,M,19,53
716,2026,54,M,19,55
719,2026,54,M,19,58
722,2026,54,M,20,1
723,2026,54,M,20,2
725,2026,54,M,20,4
726,2026,54,M,20,5
730,2026,54,M,20,9
734,2026,54,M,20,13
737,2026,54,M,20,16
739,2026,54,M,20,18
743,2026,54,M,20,22
744,2026,54,M,20,23
745,2026,54,M,20,24
746,2026,54,M,20,25
749,2026,54,M,20,28
750,2026,54,M,20,29
751,2026,54,M,20,30
752,2026,54,M,20,31
753,2026,54,M,20,32
754,2026,54,M,20,33
756,2026,54,M,20,35
757,2026,54,M,20,36
758,2026,54,M,20,37
759,2026,54,M,20,38
761,2026,54,M,20,40
763,2026,54,M,20,42
764,2026,54,M,20,43
766,2026,54,M,20,45
767,2026,54,M,20,46
768,2026,54,M,20,47
772,2026,54,M,20,51
778,2026,54,M,20,57
781,2026,54,M,21,0
782,2026,54,M,21,1
784,2026,54,M,21,3
785,2026,54,M,21,4
787,2026,54,M,21,6
788,2026,54,M,21,7
790,2026,54,M,21,9
798,2026,54,M,21,17
802,2026,54,M,21,21
804,2026,54,M,21,23
808,2026,54,M,21,27
809,2026,54,M,21,28
810,2026,54,M,21,29
811,2026,54,M,21,30
813,2026,54,M,21,32
814,2026,54,M,21,33
816,2026,54,M,21,35
819,2026,54,M,21,38
820,2026,54,M,21,39
821,2026,54,M,21,40
822,2026,54,M,21,41
825,2026,54,M,21,44
827,2026,54,M,21,46
828,2026,54,M,21,47
830,2026,54,M,21,49
831,2026,54,M,21,50
832,2026,54,M,21,51
839,2026,54,M,21,58
840,2026,54,M,21,59
843,2026,54,M,22,2
844,2026,54,M,22,3
845,2026,54,M,22,4
846,2026,54,M,22,5
847,2026,54,M,22,6
849,2026,54,M,22,8
850,2026,54,M,22,9
851,2026,54,M,22,10
852,2026,54,M,22,11
854,2026,54,M,22,13
855,2026,54,M,22,14
858,2026,54,M,22,17
859,2026,54,M,22,18
860,2026,54,M,22,19
864,2026,54,M,22,23
865,2026,54,M,22,24
866,2026,54,M,22,25
869,2026,54,M,22,28
870,2026,54,M,22,29
874,2026,54,M,22,33
875,2026,54,M,22,34
878,2026,54,M,22,37
880,2026,54,M,22,39
882,2026,54,M,22,41
884,2026,54,M,22,43
886,2026,54,M,22,45
888,2026,54,M,22,47
889,2026,54,M,22,48
891,2026,54,M,22,50
892,2026,54,M,22,51
895,2026,54,M,22,54
897,2026,54,M,22,56
898,2026,54,M,22,57
901,2026,54,M,23,0
902,2026,54,M,23,1
904,2026,54,M,23,3
907,2026,54,M,23,6
908,2026,54,M,23,7
910,2026,54,M,23,9
912,2026,54,M,23,11
913,2026,54,M,23,12
915,2026,54,M,23,14
920,2026,54,M,23,19
921,2026,54,M,23,20
925,2026,54,M,23,24
926,2026,54,M,23,25
928,2026,54,M,23,27
929,2026,54,M,23,28
930,2026,54,M,23,29
934,2026,54,M,23,33
938,2026,54,M,23,37
941,2026,54,M,23,40
942,2026,54,M,23,41
943,2026,54,M,23,42
945,2026,54,M,23,44
946,2026,54,M,23,45
947,2026,54,M,23,46
948,2026,54,M,23,47
954,2026,54,M,23,53
955,2026,54,M,23,54
960,2026,54,M,23,59
961,2026,55,T,0,0
966,2026,55,T,0,5
967,2026,55,T,0,6
968,2026,55,T,0,7
970,2026,55,T,0,9
972,2026,55,T,0,11
979,2026,55,T,0,18
936,2026,54,M,23,35
937,2026,54,M,23,36
939,2026,54,M,23,38
940,2026,54,M,23,39
944,2026,54,M,23,43
949,2026,54,M,23,48
950,2026,54,M,23,49
951,2026,54,M,23,50
952,2026,54,M,23,51
953,2026,54,M,23,52
956,2026,54,M,23,55
957,2026,54,M,23,56
958,2026,54,M,23,57
959,2026,54,M,23,58
962,2026,55,T,0,1
963,2026,55,T,0,2
964,2026,55,T,0,3
965,2026,55,T,0,4
969,2026,55,T,0,8
971,2026,55,T,0,10
973,2026,55,T,0,12
974,2026,55,T,0,13
975,2026,55,T,0,14
976,2026,55,T,0,15
977,2026,55,T,0,16
978,2026,55,T,0,17
980,2026,55,T,0,19
981,2026,55,T,0,20
982,2026,55,T,0,21
983,2026,55,T,0,22
984,2026,55,T,0,23
986,2026,55,T,0,25
988,2026,55,T,0,27
989,2026,55,T,0,28
991,2026,55,T,0,30
996,2026,55,T,0,35
998,2026,55,T,0,37
1002,2026,55,T,0,41
1003,2026,55,T,0,42
1005,2026,55,T,0,44
1006,2026,55,T,0,45
1007,2026,55,T,0,46
1008,2026,55,T,0,47
1009,2026,55,T,0,48
1011,2026,55,T,0,50
1013,2026,55,T,0,52
1015,2026,55,T,0,54
1016,2026,55,T,0,55
1019,2026,55,T,0,58
1020,2026,55,T,0,59
1021,2026,55,T,1,0
1023,2026,55,T,1,2
1024,2026,55,T,1,3
1026,2026,55,T,1,5
1028,2026,55,T,1,7
1030,2026,55,T,1,9
1032,2026,55,T,1,11
1035,2026,55,T,1,14
1039,2026,55,T,1,18
1041,2026,55,T,1,20
1043,2026,55,T,1,22
1044,2026,55,T,1,23
1045,2026,55,T,1,24
1047,2026,55,T,1,26
1048,2026,55,T,1,27
1052,2026,55,T,1,31
1055,2026,55,T,1,34
1056,2026,55,T,1,35
1058,2026,55,T,1,37
1063,2026,55,T,1,42
1066,2026,55,T,1,45
1070,2026,55,T,1,49
1071,2026,55,T,1,50
1074,2026,55,T,1,53
1076,2026,55,T,1,55
1079,2026,55,T,1,58
1083,2026,55,T,2,2
1084,2026,55,T,2,3
1086,2026,55,T,2,5
1089,2026,55,T,2,8
1090,2026,55,T,2,9
1091,2026,55,T,2,10
1092,2026,55,T,2,11
1095,2026,55,T,2,14
1097,2026,55,T,2,16
1100,2026,55,T,2,19
1103,2026,55,T,2,22
1107,2026,55,T,2,26
1109,2026,55,T,2,28
1111,2026,55,T,2,30
1113,2026,55,T,2,32
1114,2026,55,T,2,33
1118,2026,55,T,2,37
1119,2026,55,T,2,38
1121,2026,55,T,2,40
1122,2026,55,T,2,41
1124,2026,55,T,2,43
1125,2026,55,T,2,44
1129,2026,55,T,2,48
1131,2026,55,T,2,50
1137,2026,55,T,2,56
1139,2026,55,T,2,58
1142,2026,55,T,3,1
1144,2026,55,T,3,3
1145,2026,55,T,3,4
1146,2026,55,T,3,5
1147,2026,55,T,3,6
1148,2026,55,T,3,7
1150,2026,55,T,3,9
1152,2026,55,T,3,11
1154,2026,55,T,3,13
1155,2026,55,T,3,14
1156,2026,55,T,3,15
1157,2026,55,T,3,16
1158,2026,55,T,3,17
1162,2026,55,T,3,21
1164,2026,55,T,3,23
1166,2026,55,T,3,25
1167,2026,55,T,3,26
1168,2026,55,T,3,27
1171,2026,55,T,3,30
1172,2026,55,T,3,31
1174,2026,55,T,3,33
1175,2026,55,T,3,34
1176,2026,55,T,3,35
1177,2026,55,T,3,36
1182,2026,55,T,3,41
1183,2026,55,T,3,42
1185,2026,55,T,3,44
1188,2026,55,T,3,47
1192,2026,55,T,3,51
1196,2026,55,T,3,55
1198,2026,55,T,3,57
1202,2026,55,T,4,1
1205,2026,55,T,4,4
1206,2026,55,T,4,5
985,2026,55,T,0,24
987,2026,55,T,0,26
990,2026,55,T,0,29
992,2026,55,T,0,31
993,2026,55,T,0,32
994,2026,55,T,0,33
995,2026,55,T,0,34
997,2026,55,T,0,36
999,2026,55,T,0,38
1000,2026,55,T,0,39
1001,2026,55,T,0,40
1004,2026,55,T,0,43
1010,2026,55,T,0,49
1012,2026,55,T,0,51
1014,2026,55,T,0,53
1017,2026,55,T,0,56
1018,2026,55,T,0,57
1022,2026,55,T,1,1
1025,2026,55,T,1,4
1027,2026,55,T,1,6
1029,2026,55,T,1,8
1031,2026,55,T,1,10
1033,2026,55,T,1,12
1034,2026,55,T,1,13
1036,2026,55,T,1,15
1037,2026,55,T,1,16
1038,2026,55,T,1,17
1040,2026,55,T,1,19
1042,2026,55,T,1,21
1046,2026,55,T,1,25
1049,2026,55,T,1,28
1050,2026,55,T,1,29
1051,2026,55,T,1,30
1053,2026,55,T,1,32
1054,2026,55,T,1,33
1057,2026,55,T,1,36
1059,2026,55,T,1,38
1060,2026,55,T,1,39
1061,2026,55,T,1,40
1062,2026,55,T,1,41
1064,2026,55,T,1,43
1065,2026,55,T,1,44
1067,2026,55,T,1,46
1068,2026,55,T,1,47
1069,2026,55,T,1,48
1072,2026,55,T,1,51
1073,2026,55,T,1,52
1075,2026,55,T,1,54
1077,2026,55,T,1,56
1078,2026,55,T,1,57
1080,2026,55,T,1,59
1081,2026,55,T,2,0
1082,2026,55,T,2,1
1085,2026,55,T,2,4
1087,2026,55,T,2,6
1088,2026,55,T,2,7
1093,2026,55,T,2,12
1094,2026,55,T,2,13
1096,2026,55,T,2,15
1098,2026,55,T,2,17
1099,2026,55,T,2,18
1101,2026,55,T,2,20
1102,2026,55,T,2,21
1104,2026,55,T,2,23
1105,2026,55,T,2,24
1106,2026,55,T,2,25
1108,2026,55,T,2,27
1110,2026,55,T,2,29
1112,2026,55,T,2,31
1115,2026,55,T,2,34
1116,2026,55,T,2,35
1117,2026,55,T,2,36
1120,2026,55,T,2,39
1123,2026,55,T,2,42
1126,2026,55,T,2,45
1127,2026,55,T,2,46
1128,2026,55,T,2,47
1130,2026,55,T,2,49
1132,2026,55,T,2,51
1133,2026,55,T,2,52
1134,2026,55,T,2,53
1135,2026,55,T,2,54
1136,2026,55,T,2,55
1138,2026,55,T,2,57
1140,2026,55,T,2,59
1141,2026,55,T,3,0
1143,2026,55,T,3,2
1149,2026,55,T,3,8
1151,2026,55,T,3,10
1153,2026,55,T,3,12
1159,2026,55,T,3,18
1160,2026,55,T,3,19
1161,2026,55,T,3,20
1163,2026,55,T,3,22
1165,2026,55,T,3,24
1169,2026,55,T,3,28
1170,2026,55,T,3,29
1173,2026,55,T,3,32
1178,2026,55,T,3,37
1179,2026,55,T,3,38
1180,2026,55,T,3,39
1181,2026,55,T,3,40
1184,2026,55,T,3,43
1186,2026,55,T,3,45
1187,2026,55,T,3,46
1189,2026,55,T,3,48
1190,2026,55,T,3,49
1191,2026,55,T,3,50
1193,2026,55,T,3,52
1194,2026,55,T,3,53
1195,2026,55,T,3,54
1197,2026,55,T,3,56
1199,2026,55,T,3,58
1200,2026,55,T,3,59
1201,2026,55,T,4,0
1203,2026,55,T,4,2
1204,2026,55,T,4,3
1208,2026,55,T,4,7
1214,2026,55,T,4,13
1216,2026,55,T,4,15
1217,2026,55,T,4,16
1219,2026,55,T,4,18
1220,2026,55,T,4,19
1221,2026,55,T,4,20
1222,2026,55,T,4,21
1223,2026,55,T,4,22
1225,2026,55,T,4,24
1228,2026,55,T,4,27
1230,2026,55,T,4,29
1233,2026,55,T,4,32
1234,2026,55,T,4,33
1236,2026,55,T,4,35
1237,2026,55,T,4,36
1238,2026,55,T,4,37
1239,2026,55,T,4,38
1241,2026,55,T,4,40
1207,2026,55,T,4,6
1209,2026,55,T,4,8
1210,2026,55,T,4,9
1211,2026,55,T,4,10
1212,2026,55,T,4,11
1213,2026,55,T,4,12
1215,2026,55,T,4,14
1218,2026,55,T,4,17
1224,2026,55,T,4,23
1226,2026,55,T,4,25
1227,2026,55,T,4,26
1229,2026,55,T,4,28
1231,2026,55,T,4,30
1232,2026,55,T,4,31
1235,2026,55,T,4,34
1240,2026,55,T,4,39
1246,2026,55,T,4,45
1247,2026,55,T,4,46
1249,2026,55,T,4,48
1253,2026,55,T,4,52
1256,2026,55,T,4,55
1257,2026,55,T,4,56
1261,2026,55,T,5,0
1263,2026,55,T,5,2
1267,2026,55,T,5,6
1268,2026,55,T,5,7
1271,2026,55,T,5,10
1272,2026,55,T,5,11
1275,2026,55,T,5,14
1278,2026,55,T,5,17
1279,2026,55,T,5,18
1281,2026,55,T,5,20
1282,2026,55,T,5,21
1283,2026,55,T,5,22
1286,2026,55,T,5,25
1291,2026,55,T,5,30
1292,2026,55,T,5,31
1296,2026,55,T,5,35
1297,2026,55,T,5,36
1299,2026,55,T,5,38
1300,2026,55,T,5,39
1301,2026,55,T,5,40
1302,2026,55,T,5,41
1303,2026,55,T,5,42
1304,2026,55,T,5,43
1306,2026,55,T,5,45
1308,2026,55,T,5,47
1310,2026,55,T,5,49
1311,2026,55,T,5,50
1313,2026,55,T,5,52
1314,2026,55,T,5,53
1317,2026,55,T,5,56
1318,2026,55,T,5,57
1320,2026,55,T,5,59
1321,2026,55,T,6,0
1324,2026,55,T,6,3
1326,2026,55,T,6,5
1329,2026,55,T,6,8
1330,2026,55,T,6,9
1331,2026,55,T,6,10
1333,2026,55,T,6,12
1334,2026,55,T,6,13
1336,2026,55,T,6,15
1337,2026,55,T,6,16
1338,2026,55,T,6,17
1340,2026,55,T,6,19
1343,2026,55,T,6,22
1347,2026,55,T,6,26
1348,2026,55,T,6,27
1355,2026,55,T,6,34
1357,2026,55,T,6,36
1358,2026,55,T,6,37
1360,2026,55,T,6,39
1361,2026,55,T,6,40
1362,2026,55,T,6,41
1364,2026,55,T,6,43
1365,2026,55,T,6,44
1366,2026,55,T,6,45
1367,2026,55,T,6,46
1371,2026,55,T,6,50
1372,2026,55,T,6,51
1373,2026,55,T,6,52
1374,2026,55,T,6,53
1379,2026,55,T,6,58
1384,2026,55,T,7,3
1385,2026,55,T,7,4
1387,2026,55,T,7,6
1389,2026,55,T,7,8
1391,2026,55,T,7,10
1393,2026,55,T,7,12
1394,2026,55,T,7,13
1396,2026,55,T,7,15
1397,2026,55,T,7,16
1399,2026,55,T,7,18
1400,2026,55,T,7,19
1402,2026,55,T,7,21
1404,2026,55,T,7,23
1405,2026,55,T,7,24
1412,2026,55,T,7,31
1415,2026,55,T,7,34
1416,2026,55,T,7,35
1417,2026,55,T,7,36
1418,2026,55,T,7,37
1421,2026,55,T,7,40
1422,2026,55,T,7,41
1423,2026,55,T,7,42
1424,2026,55,T,7,43
1426,2026,55,T,7,45
1427,2026,55,T,7,46
1428,2026,55,T,7,47
1430,2026,55,T,7,49
1432,2026,55,T,7,51
1433,2026,55,T,7,52
1436,2026,55,T,7,55
1441,2026,55,T,8,0
1442,2026,55,T,8,1
1444,2026,55,T,8,3
1445,2026,55,T,8,4
1446,2026,55,T,8,5
1450,2026,55,T,8,9
1452,2026,55,T,8,11
1453,2026,55,T,8,12
1455,2026,55,T,8,14
1459,2026,55,T,8,18
1461,2026,55,T,8,20
1462,2026,55,T,8,21
1463,2026,55,T,8,22
1464,2026,55,T,8,23
1466,2026,55,T,8,25
1469,2026,55,T,8,28
1470,2026,55,T,8,29
1471,2026,55,T,8,30
1478,2026,55,T,8,37
1479,2026,55,T,8,38
1480,2026,55,T,8,39
1481,2026,55,T,8,40
1242,2026,55,T,4,41
1243,2026,55,T,4,42
1244,2026,55,T,4,43
1245,2026,55,T,4,44
1248,2026,55,T,4,47
1250,2026,55,T,4,49
1251,2026,55,T,4,50
1252,2026,55,T,4,51
1254,2026,55,T,4,53
1255,2026,55,T,4,54
1258,2026,55,T,4,57
1259,2026,55,T,4,58
1260,2026,55,T,4,59
1262,2026,55,T,5,1
1264,2026,55,T,5,3
1265,2026,55,T,5,4
1266,2026,55,T,5,5
1269,2026,55,T,5,8
1270,2026,55,T,5,9
1273,2026,55,T,5,12
1274,2026,55,T,5,13
1276,2026,55,T,5,15
1277,2026,55,T,5,16
1280,2026,55,T,5,19
1284,2026,55,T,5,23
1285,2026,55,T,5,24
1287,2026,55,T,5,26
1288,2026,55,T,5,27
1289,2026,55,T,5,28
1290,2026,55,T,5,29
1293,2026,55,T,5,32
1294,2026,55,T,5,33
1295,2026,55,T,5,34
1298,2026,55,T,5,37
1305,2026,55,T,5,44
1307,2026,55,T,5,46
1309,2026,55,T,5,48
1312,2026,55,T,5,51
1315,2026,55,T,5,54
1316,2026,55,T,5,55
1319,2026,55,T,5,58
1322,2026,55,T,6,1
1323,2026,55,T,6,2
1325,2026,55,T,6,4
1327,2026,55,T,6,6
1328,2026,55,T,6,7
1332,2026,55,T,6,11
1335,2026,55,T,6,14
1339,2026,55,T,6,18
1341,2026,55,T,6,20
1342,2026,55,T,6,21
1344,2026,55,T,6,23
1345,2026,55,T,6,24
1346,2026,55,T,6,25
1349,2026,55,T,6,28
1350,2026,55,T,6,29
1351,2026,55,T,6,30
1352,2026,55,T,6,31
1353,2026,55,T,6,32
1354,2026,55,T,6,33
1356,2026,55,T,6,35
1359,2026,55,T,6,38
1363,2026,55,T,6,42
1368,2026,55,T,6,47
1369,2026,55,T,6,48
1370,2026,55,T,6,49
1375,2026,55,T,6,54
1376,2026,55,T,6,55
1377,2026,55,T,6,56
1378,2026,55,T,6,57
1380,2026,55,T,6,59
1381,2026,55,T,7,0
1382,2026,55,T,7,1
1383,2026,55,T,7,2
1386,2026,55,T,7,5
1388,2026,55,T,7,7
1390,2026,55,T,7,9
1392,2026,55,T,7,11
1395,2026,55,T,7,14
1398,2026,55,T,7,17
1401,2026,55,T,7,20
1403,2026,55,T,7,22
1406,2026,55,T,7,25
1407,2026,55,T,7,26
1408,2026,55,T,7,27
1409,2026,55,T,7,28
1410,2026,55,T,7,29
1411,2026,55,T,7,30
1413,2026,55,T,7,32
1414,2026,55,T,7,33
1419,2026,55,T,7,38
1420,2026,55,T,7,39
1425,2026,55,T,7,44
1429,2026,55,T,7,48
1431,2026,55,T,7,50
1434,2026,55,T,7,53
1435,2026,55,T,7,54
1437,2026,55,T,7,56
1438,2026,55,T,7,57
1439,2026,55,T,7,58
1440,2026,55,T,7,59
1443,2026,55,T,8,2
1447,2026,55,T,8,6
1448,2026,55,T,8,7
1449,2026,55,T,8,8
1451,2026,55,T,8,10
1454,2026,55,T,8,13
1456,2026,55,T,8,15
1457,2026,55,T,8,16
1458,2026,55,T,8,17
1460,2026,55,T,8,19
1465,2026,55,T,8,24
1467,2026,55,T,8,26
1468,2026,55,T,8,27
1472,2026,55,T,8,31
1473,2026,55,T,8,32
1474,2026,55,T,8,33
1475,2026,55,T,8,34
1476,2026,55,T,8,35
1477,2026,55,T,8,36
1483,2026,55,T,8,42
1484,2026,55,T,8,43
1485,2026,55,T,8,44
1489,2026,55,T,8,48
1490,2026,55,T,8,49
1492,2026,55,T,8,51
1493,2026,55,T,8,52
1495,2026,55,T,8,54
1496,2026,55,T,8,55
1500,2026,55,T,8,59
1503,2026,55,T,9,2
1504,2026,55,T,9,3
1508,2026,55,T,9,7
1510,2026,55,T,9,9
1511,2026,55,T,9,10
1513,2026,55,T,9,12
1482,2026,55,T,8,41
1486,2026,55,T,8,45
1487,2026,55,T,8,46
1488,2026,55,T,8,47
1491,2026,55,T,8,50
1494,2026,55,T,8,53
1497,2026,55,T,8,56
1498,2026,55,T,8,57
1499,2026,55,T,8,58
1501,2026,55,T,9,0
1502,2026,55,T,9,1
1505,2026,55,T,9,4
1506,2026,55,T,9,5
1507,2026,55,T,9,6
1509,2026,55,T,9,8
1512,2026,55,T,9,11
1516,2026,55,T,9,15
1517,2026,55,T,9,16
1519,2026,55,T,9,18
1520,2026,55,T,9,19
1524,2026,55,T,9,23
1527,2026,55,T,9,26
1528,2026,55,T,9,27
1529,2026,55,T,9,28
1530,2026,55,T,9,29
1531,2026,55,T,9,30
1532,2026,55,T,9,31
1533,2026,55,T,9,32
1534,2026,55,T,9,33
1536,2026,55,T,9,35
1538,2026,55,T,9,37
1539,2026,55,T,9,38
1540,2026,55,T,9,39
1541,2026,55,T,9,40
1543,2026,55,T,9,42
1544,2026,55,T,9,43
1549,2026,55,T,9,48
1551,2026,55,T,9,50
1556,2026,55,T,9,55
1558,2026,55,T,9,57
1563,2026,55,T,10,2
1565,2026,55,T,10,4
1566,2026,55,T,10,5
1570,2026,55,T,10,9
1573,2026,55,T,10,12
1578,2026,55,T,10,17
1579,2026,55,T,10,18
1583,2026,55,T,10,22
1584,2026,55,T,10,23
1585,2026,55,T,10,24
1586,2026,55,T,10,25
1587,2026,55,T,10,26
1588,2026,55,T,10,27
1589,2026,55,T,10,28
1591,2026,55,T,10,30
1592,2026,55,T,10,31
1595,2026,55,T,10,34
1596,2026,55,T,10,35
1598,2026,55,T,10,37
1599,2026,55,T,10,38
1600,2026,55,T,10,39
1601,2026,55,T,10,40
1602,2026,55,T,10,41
1604,2026,55,T,10,43
1609,2026,55,T,10,48
1611,2026,55,T,10,50
1615,2026,55,T,10,54
1616,2026,55,T,10,55
1617,2026,55,T,10,56
1618,2026,55,T,10,57
1619,2026,55,T,10,58
1620,2026,55,T,10,59
1621,2026,55,T,11,0
1622,2026,55,T,11,1
1623,2026,55,T,11,2
1625,2026,55,T,11,4
1626,2026,55,T,11,5
1628,2026,55,T,11,7
1631,2026,55,T,11,10
1632,2026,55,T,11,11
1633,2026,55,T,11,12
1634,2026,55,T,11,13
1635,2026,55,T,11,14
1636,2026,55,T,11,15
1637,2026,55,T,11,16
1638,2026,55,T,11,17
1639,2026,55,T,11,18
1640,2026,55,T,11,19
1641,2026,55,T,11,20
1642,2026,55,T,11,21
1644,2026,55,T,11,23
1646,2026,55,T,11,25
1647,2026,55,T,11,26
1648,2026,55,T,11,27
1649,2026,55,T,11,28
1650,2026,55,T,11,29
1651,2026,55,T,11,30
1654,2026,55,T,11,33
1655,2026,55,T,11,34
1656,2026,55,T,11,35
1657,2026,55,T,11,36
1659,2026,55,T,11,38
1660,2026,55,T,11,39
1663,2026,55,T,11,42
1664,2026,55,T,11,43
1666,2026,55,T,11,45
1667,2026,55,T,11,46
1668,2026,55,T,11,47
1670,2026,55,T,11,49
1671,2026,55,T,11,50
1674,2026,55,T,11,53
1675,2026,55,T,11,54
1680,2026,55,T,11,59
1681,2026,55,T,12,0
1682,2026,55,T,12,1
1683,2026,55,T,12,2
1684,2026,55,T,12,3
1685,2026,55,T,12,4
1688,2026,55,T,12,7
1689,2026,55,T,12,8
1690,2026,55,T,12,9
1693,2026,55,T,12,12
1694,2026,55,T,12,13
1695,2026,55,T,12,14
1701,2026,55,T,12,20
1702,2026,55,T,12,21
1704,2026,55,T,12,23
1705,2026,55,T,12,24
1706,2026,55,T,12,25
1707,2026,55,T,12,26
1708,2026,55,T,12,27
1710,2026,55,T,12,29
1711,2026,55,T,12,30
1713,2026,55,T,12,32
1714,2026,55,T,12,33
1715,2026,55,T,12,34
1514,2026,55,T,9,13
1515,2026,55,T,9,14
1518,2026,55,T,9,17
1521,2026,55,T,9,20
1522,2026,55,T,9,21
1523,2026,55,T,9,22
1525,2026,55,T,9,24
1526,2026,55,T,9,25
1535,2026,55,T,9,34
1537,2026,55,T,9,36
1542,2026,55,T,9,41
1545,2026,55,T,9,44
1546,2026,55,T,9,45
1547,2026,55,T,9,46
1548,2026,55,T,9,47
1550,2026,55,T,9,49
1552,2026,55,T,9,51
1553,2026,55,T,9,52
1554,2026,55,T,9,53
1555,2026,55,T,9,54
1557,2026,55,T,9,56
1559,2026,55,T,9,58
1560,2026,55,T,9,59
1561,2026,55,T,10,0
1562,2026,55,T,10,1
1564,2026,55,T,10,3
1567,2026,55,T,10,6
1568,2026,55,T,10,7
1569,2026,55,T,10,8
1571,2026,55,T,10,10
1572,2026,55,T,10,11
1574,2026,55,T,10,13
1575,2026,55,T,10,14
1576,2026,55,T,10,15
1577,2026,55,T,10,16
1580,2026,55,T,10,19
1581,2026,55,T,10,20
1582,2026,55,T,10,21
1590,2026,55,T,10,29
1593,2026,55,T,10,32
1594,2026,55,T,10,33
1597,2026,55,T,10,36
1603,2026,55,T,10,42
1605,2026,55,T,10,44
1606,2026,55,T,10,45
1607,2026,55,T,10,46
1608,2026,55,T,10,47
1610,2026,55,T,10,49
1612,2026,55,T,10,51
1613,2026,55,T,10,52
1614,2026,55,T,10,53
1624,2026,55,T,11,3
1627,2026,55,T,11,6
1629,2026,55,T,11,8
1630,2026,55,T,11,9
1643,2026,55,T,11,22
1645,2026,55,T,11,24
1652,2026,55,T,11,31
1653,2026,55,T,11,32
1658,2026,55,T,11,37
1661,2026,55,T,11,40
1662,2026,55,T,11,41
1665,2026,55,T,11,44
1669,2026,55,T,11,48
1672,2026,55,T,11,51
1673,2026,55,T,11,52
1676,2026,55,T,11,55
1677,2026,55,T,11,56
1678,2026,55,T,11,57
1679,2026,55,T,11,58
1686,2026,55,T,12,5
1687,2026,55,T,12,6
1691,2026,55,T,12,10
1692,2026,55,T,12,11
1696,2026,55,T,12,15
1697,2026,55,T,12,16
1698,2026,55,T,12,17
1699,2026,55,T,12,18
1700,2026,55,T,12,19
1703,2026,55,T,12,22
1709,2026,55,T,12,28
1712,2026,55,T,12,31
1718,2026,55,T,12,37
1722,2026,55,T,12,41
1724,2026,55,T,12,43
1728,2026,55,T,12,47
1729,2026,55,T,12,48
1730,2026,55,T,12,49
1735,2026,55,T,12,54
1737,2026,55,T,12,56
1738,2026,55,T,12,57
1739,2026,55,T,12,58
1743,2026,55,T,13,2
1745,2026,55,T,13,4
1746,2026,55,T,13,5
1747,2026,55,T,13,6
1748,2026,55,T,13,7
1750,2026,55,T,13,9
1751,2026,55,T,13,10
1752,2026,55,T,13,11
1753,2026,55,T,13,12
1755,2026,55,T,13,14
1756,2026,55,T,13,15
1760,2026,55,T,13,19
1764,2026,55,T,13,23
1765,2026,55,T,13,24
1768,2026,55,T,13,27
1769,2026,55,T,13,28
1771,2026,55,T,13,30
1772,2026,55,T,13,31
1773,2026,55,T,13,32
1776,2026,55,T,13,35
1777,2026,55,T,13,36
1778,2026,55,T,13,37
1779,2026,55,T,13,38
1783,2026,55,T,13,42
1784,2026,55,T,13,43
1785,2026,55,T,13,44
1788,2026,55,T,13,47
1790,2026,55,T,13,49
1791,2026,55,T,13,50
1792,2026,55,T,13,51
1797,2026,55,T,13,56
1800,2026,55,T,13,59
1804,2026,55,T,14,3
1805,2026,55,T,14,4
1806,2026,55,T,14,5
1810,2026,55,T,14,9
1811,2026,55,T,14,10
1812,2026,55,T,14,11
1813,2026,55,T,14,12
1815,2026,55,T,14,14
1816,2026,55,T,14,15
1818,2026,55,T,14,17
1819,2026,55,T,14,18
1820,2026,55,T,14,19
1716,2026,55,T,12,35
1717,2026,55,T,12,36
1719,2026,55,T,12,38
1720,2026,55,T,12,39
1721,2026,55,T,12,40
1723,2026,55,T,12,42
1725,2026,55,T,12,44
1726,2026,55,T,12,45
1727,2026,55,T,12,46
1731,2026,55,T,12,50
1732,2026,55,T,12,51
1733,2026,55,T,12,52
1734,2026,55,T,12,53
1736,2026,55,T,12,55
1740,2026,55,T,12,59
1741,2026,55,T,13,0
1742,2026,55,T,13,1
1744,2026,55,T,13,3
1749,2026,55,T,13,8
1754,2026,55,T,13,13
1757,2026,55,T,13,16
1758,2026,55,T,13,17
1759,2026,55,T,13,18
1761,2026,55,T,13,20
1762,2026,55,T,13,21
1763,2026,55,T,13,22
1766,2026,55,T,13,25
1767,2026,55,T,13,26
1770,2026,55,T,13,29
1774,2026,55,T,13,33
1775,2026,55,T,13,34
1780,2026,55,T,13,39
1781,2026,55,T,13,40
1782,2026,55,T,13,41
1786,2026,55,T,13,45
1787,2026,55,T,13,46
1789,2026,55,T,13,48
1793,2026,55,T,13,52
1794,2026,55,T,13,53
1795,2026,55,T,13,54
1796,2026,55,T,13,55
1798,2026,55,T,13,57
1799,2026,55,T,13,58
1801,2026,55,T,14,0
1802,2026,55,T,14,1
1803,2026,55,T,14,2
1807,2026,55,T,14,6
1808,2026,55,T,14,7
1809,2026,55,T,14,8
1814,2026,55,T,14,13
1817,2026,55,T,14,16
1821,2026,55,T,14,20
1822,2026,55,T,14,21
1823,2026,55,T,14,22
1826,2026,55,T,14,25
1828,2026,55,T,14,27
1829,2026,55,T,14,28
1831,2026,55,T,14,30
1834,2026,55,T,14,33
1835,2026,55,T,14,34
1840,2026,55,T,14,39
1841,2026,55,T,14,40
1843,2026,55,T,14,42
1845,2026,55,T,14,44
1849,2026,55,T,14,48
1851,2026,55,T,14,50
1852,2026,55,T,14,51
1855,2026,55,T,14,54
1858,2026,55,T,14,57
1860,2026,55,T,14,59
1861,2026,55,T,15,0
1862,2026,55,T,15,1
1866,2026,55,T,15,5
1869,2026,55,T,15,8
1871,2026,55,T,15,10
1872,2026,55,T,15,11
1873,2026,55,T,15,12
1876,2026,55,T,15,15
1878,2026,55,T,15,17
1880,2026,55,T,15,19
1883,2026,55,T,15,22
1891,2026,55,T,15,30
1892,2026,55,T,15,31
1895,2026,55,T,15,34
1896,2026,55,T,15,35
1897,2026,55,T,15,36
1900,2026,55,T,15,39
1902,2026,55,T,15,41
1903,2026,55,T,15,42
1904,2026,55,T,15,43
1905,2026,55,T,15,44
1906,2026,55,T,15,45
1908,2026,55,T,15,47
1909,2026,55,T,15,48
1910,2026,55,T,15,49
1911,2026,55,T,15,50
1912,2026,55,T,15,51
1914,2026,55,T,15,53
1915,2026,55,T,15,54
1919,2026,55,T,15,58
1921,2026,55,T,16,0
1924,2026,55,T,16,3
1926,2026,55,T,16,5
1928,2026,55,T,16,7
1937,2026,55,T,16,16
1939,2026,55,T,16,18
1943,2026,55,T,16,22
1944,2026,55,T,16,23
1946,2026,55,T,16,25
1951,2026,55,T,16,30
1952,2026,55,T,16,31
1953,2026,55,T,16,32
1955,2026,55,T,16,34
1957,2026,55,T,16,36
1960,2026,55,T,16,39
1963,2026,55,T,16,42
1964,2026,55,T,16,43
1965,2026,55,T,16,44
1973,2026,55,T,16,52
1974,2026,55,T,16,53
1975,2026,55,T,16,54
1978,2026,55,T,16,57
1979,2026,55,T,16,58
1981,2026,55,T,17,0
1984,2026,55,T,17,3
1985,2026,55,T,17,4
1986,2026,55,T,17,5
1988,2026,55,T,17,7
1990,2026,55,T,17,9
1991,2026,55,T,17,10
1992,2026,55,T,17,11
1994,2026,55,T,17,13
1995,2026,55,T,17,14
1998,2026,55,T,17,17
2000,2026,55,T,17,19
1824,2026,55,T,14,23
1825,2026,55,T,14,24
1827,2026,55,T,14,26
1830,2026,55,T,14,29
1832,2026,55,T,14,31
1833,2026,55,T,14,32
1836,2026,55,T,14,35
1837,2026,55,T,14,36
1838,2026,55,T,14,37
1839,2026,55,T,14,38
1842,2026,55,T,14,41
1844,2026,55,T,14,43
1846,2026,55,T,14,45
1847,2026,55,T,14,46
1848,2026,55,T,14,47
1850,2026,55,T,14,49
1853,2026,55,T,14,52
1854,2026,55,T,14,53
1856,2026,55,T,14,55
1857,2026,55,T,14,56
1859,2026,55,T,14,58
1863,2026,55,T,15,2
1864,2026,55,T,15,3
1865,2026,55,T,15,4
1867,2026,55,T,15,6
1868,2026,55,T,15,7
1870,2026,55,T,15,9
1874,2026,55,T,15,13
1875,2026,55,T,15,14
1877,2026,55,T,15,16
1879,2026,55,T,15,18
1881,2026,55,T,15,20
1882,2026,55,T,15,21
1884,2026,55,T,15,23
1885,2026,55,T,15,24
1886,2026,55,T,15,25
1887,2026,55,T,15,26
1888,2026,55,T,15,27
1889,2026,55,T,15,28
1890,2026,55,T,15,29
1893,2026,55,T,15,32
1894,2026,55,T,15,33
1898,2026,55,T,15,37
1899,2026,55,T,15,38
1901,2026,55,T,15,40
1907,2026,55,T,15,46
1913,2026,55,T,15,52
1916,2026,55,T,15,55
1917,2026,55,T,15,56
1918,2026,55,T,15,57
1920,2026,55,T,15,59
1922,2026,55,T,16,1
1923,2026,55,T,16,2
1925,2026,55,T,16,4
1927,2026,55,T,16,6
1929,2026,55,T,16,8
1930,2026,55,T,16,9
1931,2026,55,T,16,10
1932,2026,55,T,16,11
1933,2026,55,T,16,12
1934,2026,55,T,16,13
1935,2026,55,T,16,14
1936,2026,55,T,16,15
1938,2026,55,T,16,17
1940,2026,55,T,16,19
1941,2026,55,T,16,20
1942,2026,55,T,16,21
1945,2026,55,T,16,24
1947,2026,55,T,16,26
1948,2026,55,T,16,27
1949,2026,55,T,16,28
1950,2026,55,T,16,29
1954,2026,55,T,16,33
1956,2026,55,T,16,35
1958,2026,55,T,16,37
1959,2026,55,T,16,38
1961,2026,55,T,16,40
1962,2026,55,T,16,41
1966,2026,55,T,16,45
1967,2026,55,T,16,46
1968,2026,55,T,16,47
1969,2026,55,T,16,48
1970,2026,55,T,16,49
1971,2026,55,T,16,50
1972,2026,55,T,16,51
1976,2026,55,T,16,55
1977,2026,55,T,16,56
1980,2026,55,T,16,59
1982,2026,55,T,17,1
1983,2026,55,T,17,2
1987,2026,55,T,17,6
1989,2026,55,T,17,8
1993,2026,55,T,17,12
1996,2026,55,T,17,15
1997,2026,55,T,17,16
1999,2026,55,T,17,18
2001,2026,55,T,17,20
2002,2026,55,T,17,21
