id,passenger_route_id,start_arrival_hour,arrival_minute,travel_code
1,1,1,0,M
2,1,3,0,M
3,2,3,12,M
4,1,3,24,M
5,2,3,36,M
6,1,3,48,M
7,1,4,0,M
8,2,4,15,M
9,1,4,30,M
10,2,4,45,M
11,1,5,0,M
12,2,5,12,M
13,1,5,24,M
14,2,5,36,M
15,1,5,48,M
16,1,6,0,M
17,2,6,10,M
18,1,6,20,M
19,2,6,30,M
20,1,6,40,M
21,2,6,50,M
1,1,7,0,M
22,2,7,4,M
23,1,7,8,M
24,2,7,12,M
25,1,7,16,M
26,2,7,20,M
27,1,7,24,M
28,2,7,28,M
29,1,7,32,M
30,2,7,36,M
31,1,7,40,M
32,2,7,44,M
33,1,7,48,M
34,2,7,52,M
35,1,7,56,M
36,1,8,0,M
37,2,8,1,M
38,1,8,3,M
39,2,8,4,M
40,1,8,6,M
41,2,8,7,M
42,1,8,9,M
43,2,8,11,M
44,1,8,12,M
45,2,8,14,M
46,1,8,15,M
47,2,8,17,M
48,1,8,18,M
49,2,8,20,M
50,1,8,22,M
51,2,8,23,M
52,1,8,25,M
53,2,8,26,M
54,1,8,28,M
55,2,8,30,M
56,1,8,31,M
57,2,8,33,M
58,1,8,34,M
59,2,8,36,M
60,1,8,37,M
61,2,8,39,M
62,1,8,41,M
63,2,8,42,M
64,1,8,44,M
65,2,8,45,M
66,1,8,47,M
67,2,8,48,M
68,1,8,50,M
69,2,8,52,M
70,1,8,53,M
71,2,8,55,M
72,1,8,56,M
73,2,8,58,M
2,1,9,0,M
3,2,9,1,M
4,1,9,2,M
5,2,9,4,M
6,1,9,5,M
74,2,9,6,M
75,1,9,8,M
76,2,9,9,M
77,1,9,11,M
78,2,9,12,M
79,1,9,13,M
80,2,9,15,M
81,1,9,16,M
82,2,9,18,M
83,1,9,19,M
84,2,9,20,M
85,1,9,22,M
86,2,9,23,M
87,1,9,25,M
88,2,9,26,M
89,1,9,27,M
90,2,9,29,M
91,1,9,30,M
92,2,9,32,M
93,1,9,33,M
94,2,9,34,M
95,1,9,36,M
96,2,9,37,M
97,1,9,39,M
98,2,9,40,M
99,1,9,41,M
100,2,9,43,M
101,1,9,44,M
102,2,9,46,M
103,1,9,47,M
104,2,9,48,M
105,1,9,50,M
106,2,9,51,M
107,1,9,53,M
108,2,9,54,M
109,1,9,55,M
110,2,9,57,M
111,1,9,58,M
7,1,10,0,M
8,2,10,2,M
9,1,10,5,M
10,2,10,8,M
112,1,10,11,M
113,2,10,14,M
114,1,10,17,M
115,2,10,20,M
116,1,10,22,M
117,2,10,25,M
118,1,10,28,M
119,2,10,31,M
120,1,10,34,M
121,2,10,37,M
122,1,10,40,M
123,2,10,42,M
124,1,10,45,M
125,2,10,48,M
126,1,10,51,M
127,2,10,54,M
128,1,10,57,M
11,1,11,0,M
12,2,11,0,M
13,1,11,1,M
14,2,11,2,M
15,1,11,3,M
129,2,11,4,M
130,1,11,5,M
131,2,11,6,M
132,1,11,7,M
133,2,11,8,M
134,1,11,9,M
135,2,11,10,M
136,1,11,11,M
137,2,11,12,M
138,1,11,13,M
139,2,11,14,M
140,1,11,15,M
141,2,11,15,M
142,1,11,16,M
143,2,11,17,M
144,1,11,18,M
145,2,11,19,M
146,1,11,20,M
147,2,11,21,M
148,1,11,22,M
149,2,11,23,M
150,1,11,24,M
151,2,11,25,M
152,1,11,26,M
153,2,11,27,M
154,1,11,28,M
155,2,11,29,M
156,1,11,30,M
157,2,11,30,M
158,1,11,31,M
159,2,11,32,M
160,1,11,33,M
161,2,11,34,M
162,1,11,35,M
163,2,11,36,M
164,1,11,37,M
165,2,11,38,M
166,1,11,39,M
167,2,11,40,M
168,1,11,41,M
169,2,11,42,M
170,1,11,43,M
171,2,11,44,M
172,1,11,45,M
173,2,11,45,M
174,1,11,46,M
175,2,11,47,M
176,1,11,48,M
177,2,11,49,M
178,1,11,50,M
179,2,11,51,M
180,1,11,52,M
181,2,11,53,M
182,1,11,54,M
183,2,11,55,M
184,1,11,56,M
185,2,11,57,M
186,1,11,58,M
187,2,11,59,M
16,1,12,0,M
17,2,12,1,M
18,1,12,2,M
19,2,12,3,M
20,1,12,4,M
21,2,12,5,M
188,1,12,6,M
189,2,12,7,M
190,1,12,9,M
191,2,12,10,M
192,1,12,11,M
193,2,12,12,M
194,1,12,13,M
195,2,12,14,M
196,1,12,15,M
197,2,12,16,M
198,1,12,18,M
199,2,12,19,M
200,1,12,20,M
201,2,12,21,M
202,1,12,22,M
203,2,12,23,M
204,1,12,24,M
205,2,12,26,M
206,1,12,27,M
207,2,12,28,M
208,1,12,29,M
209,2,12,30,M
210,1,12,31,M
211,2,12,32,M
212,1,12,33,M
213,2,12,35,M
214,1,12,36,M
215,2,12,37,M
216,1,12,38,M
217,2,12,39,M
218,1,12,40,M
219,2,12,41,M
220,1,12,43,M
221,2,12,44,M
222,1,12,45,M
223,2,12,46,M
224,1,12,47,M
225,2,12,48,M
226,1,12,49,M
227,2,12,50,M
228,1,12,52,M
229,2,12,53,M
230,1,12,54,M
231,2,12,55,M
232,1,12,56,M
233,2,12,57,M
234,1,12,58,M
1,1,13,0,M
22,2,13,1,M
23,1,13,2,M
24,2,13,3,M
25,1,13,5,M
26,2,13,6,M
27,1,13,7,M
28,2,13,8,M
29,1,13,10,M
30,2,13,11,M
31,1,13,12,M
32,2,13,14,M
33,1,13,15,M
34,2,13,16,M
35,1,13,17,M
235,2,13,19,M
236,1,13,20,M
237,2,13,21,M
238,1,13,22,M
239,2,13,24,M
240,1,13,25,M
241,2,13,26,M
242,1,13,28,M
243,2,13,29,M
244,1,13,30,M
245,2,13,31,M
246,1,13,33,M
247,2,13,34,M
248,1,13,35,M
249,2,13,37,M
250,1,13,38,M
251,2,13,39,M
252,1,13,40,M
253,2,13,42,M
254,1,13,43,M
255,2,13,44,M
256,1,13,45,M
257,2,13,47,M
258,1,13,48,M
259,2,13,49,M
260,1,13,51,M
261,2,13,52,M
262,1,13,53,M
263,2,13,54,M
264,1,13,56,M
265,2,13,57,M
266,1,13,58,M
36,1,14,0,M
37,2,14,3,M
38,1,14,7,M
39,2,14,11,M
40,1,14,15,M
41,2,14,18,M
42,1,14,22,M
43,2,14,26,M
44,1,14,30,M
45,2,14,33,M
46,1,14,37,M
47,2,14,41,M
48,1,14,45,M
49,2,14,48,M
50,1,14,52,M
51,2,14,56,M
2,1,15,0,M
3,2,15,5,M
4,1,15,10,M
5,2,15,16,M
6,1,15,21,M
52,2,15,27,M
53,1,15,32,M
54,2,15,38,M
55,1,15,43,M
56,2,15,49,M
57,1,15,54,M
7,1,16,0,M
8,2,16,1,M
9,1,16,2,M
10,2,16,3,M
58,1,16,5,M
59,2,16,6,M
60,1,16,7,M
61,2,16,8,M
62,1,16,10,M
63,2,16,11,M
64,1,16,12,M
65,2,16,13,M
66,1,16,15,M
67,2,16,16,M
68,1,16,17,M
69,2,16,18,M
70,1,16,20,M
71,2,16,21,M
72,1,16,22,M
73,2,16,23,M
74,1,16,25,M
75,2,16,26,M
76,1,16,27,M
77,2,16,28,M
78,1,16,30,M
79,2,16,31,M
80,1,16,32,M
81,2,16,33,M
82,1,16,35,M
83,2,16,36,M
84,1,16,37,M
85,2,16,38,M
86,1,16,40,M
87,2,16,41,M
88,1,16,42,M
89,2,16,43,M
90,1,16,45,M
91,2,16,46,M
92,1,16,47,M
93,2,16,48,M
94,1,16,50,M
95,2,16,51,M
96,1,16,52,M
97,2,16,53,M
98,1,16,55,M
99,2,16,56,M
100,1,16,57,M
101,2,16,58,M
11,1,17,0,M
12,2,17,0,M
13,1,17,1,M
14,2,17,2,M
15,1,17,3,M
102,2,17,4,M
103,1,17,5,M
104,2,17,6,M
105,1,17,7,M
106,2,17,7,M
107,1,17,8,M
108,2,17,9,M
109,1,17,10,M
110,2,17,11,M
111,1,17,12,M
112,2,17,13,M
113,1,17,14,M
114,2,17,15,M
115,1,17,15,M
116,2,17,16,M
117,1,17,17,M
118,2,17,18,M
119,1,17,19,M
120,2,17,20,M
121,1,17,21,M
122,2,17,22,M
123,1,17,22,M
124,2,17,23,M
125,1,17,24,M
126,2,17,25,M
127,1,17,26,M
128,2,17,27,M
129,1,17,28,M
130,2,17,29,M
131,1,17,30,M
132,2,17,30,M
133,1,17,31,M
134,2,17,32,M
135,1,17,33,M
136,2,17,34,M
137,1,17,35,M
138,2,17,36,M
139,1,17,37,M
140,2,17,37,M
141,1,17,38,M
142,2,17,39,M
143,1,17,40,M
144,2,17,41,M
145,1,17,42,M
146,2,17,43,M
147,1,17,44,M
148,2,17,45,M
149,1,17,45,M
150,2,17,46,M
151,1,17,47,M
152,2,17,48,M
153,1,17,49,M
154,2,17,50,M
155,1,17,51,M
156,2,17,52,M
157,1,17,52,M
158,2,17,53,M
159,1,17,54,M
160,2,17,55,M
161,1,17,56,M
162,2,17,57,M
163,1,17,58,M
164,2,17,59,M
16,1,18,0,M
17,2,18,0,M
18,1,18,1,M
19,2,18,2,M
20,1,18,3,M
21,2,18,4,M
165,1,18,4,M
166,2,18,5,M
167,1,18,6,M
168,2,18,7,M
169,1,18,8,M
170,2,18,8,M
171,1,18,9,M
172,2,18,10,M
173,1,18,11,M
174,2,18,12,M
175,1,18,12,M
176,2,18,13,M
177,1,18,14,M
178,2,18,15,M
179,1,18,16,M
180,2,18,17,M
181,1,18,17,M
182,2,18,18,M
183,1,18,19,M
184,2,18,20,M
185,1,18,21,M
186,2,18,21,M
187,1,18,22,M
188,2,18,23,M
189,1,18,24,M
190,2,18,25,M
191,1,18,25,M
192,2,18,26,M
193,1,18,27,M
194,2,18,28,M
195,1,18,29,M
196,2,18,30,M
197,1,18,30,M
198,2,18,31,M
199,1,18,32,M
200,2,18,33,M
201,1,18,34,M
202,2,18,34,M
203,1,18,35,M
204,2,18,36,M
205,1,18,37,M
206,2,18,38,M
207,1,18,38,M
208,2,18,39,M
209,1,18,40,M
210,2,18,41,M
211,1,18,42,M
212,2,18,42,M
213,1,18,43,M
214,2,18,44,M
215,1,18,45,M
216,2,18,46,M
217,1,18,47,M
218,2,18,47,M
219,1,18,48,M
220,2,18,49,M
221,1,18,50,M
222,2,18,51,M
223,1,18,51,M
224,2,18,52,M
225,1,18,53,M
226,2,18,54,M
227,1,18,55,M
228,2,18,55,M
229,1,18,56,M
230,2,18,57,M
231,1,18,58,M
232,2,18,59,M
1,1,19,0,M
22,2,19,0,M
23,1,19,1,M
24,2,19,2,M
25,1,19,2,M
26,2,19,3,M
27,1,19,4,M
28,2,19,5,M
29,1,19,5,M
30,2,19,6,M
31,1,19,7,M
32,2,19,7,M
33,1,19,8,M
34,2,19,9,M
35,1,19,10,M
233,2,19,10,M
234,1,19,11,M
235,2,19,12,M
236,1,19,13,M
237,2,19,13,M
238,1,19,14,M
239,2,19,15,M
240,1,19,15,M
241,2,19,16,M
242,1,19,17,M
243,2,19,18,M
244,1,19,18,M
245,2,19,19,M
246,1,19,20,M
247,2,19,20,M
248,1,19,21,M
249,2,19,22,M
250,1,19,23,M
251,2,19,23,M
252,1,19,24,M
253,2,19,25,M
254,1,19,26,M
255,2,19,26,M
256,1,19,27,M
257,2,19,28,M
258,1,19,28,M
259,2,19,29,M
260,1,19,30,M
261,2,19,31,M
262,1,19,31,M
263,2,19,32,M
264,1,19,33,M
265,2,19,33,M
266,1,19,34,M
267,2,19,35,M
268,1,19,36,M
269,2,19,36,M
270,1,19,37,M
271,2,19,38,M
272,1,19,39,M
273,2,19,39,M
274,1,19,40,M
275,2,19,41,M
276,1,19,41,M
277,2,19,42,M
278,1,19,43,M
279,2,19,44,M
280,1,19,44,M
281,2,19,45,M
282,1,19,46,M
283,2,19,46,M
284,1,19,47,M
285,2,19,48,M
286,1,19,49,M
287,2,19,49,M
288,1,19,50,M
289,2,19,51,M
290,1,19,52,M
291,2,19,52,M
292,1,19,53,M
293,2,19,54,M
294,1,19,54,M
295,2,19,55,M
296,1,19,56,M
297,2,19,57,M
298,1,19,57,M
299,2,19,58,M
300,1,19,59,M
36,1,20,0,M
37,2,20,2,M
38,1,20,4,M
39,2,20,6,M
40,1,20,8,M
41,2,20,11,M
42,1,20,13,M
43,2,20,15,M
44,1,20,17,M
45,2,20,20,M
46,1,20,22,M
47,2,20,24,M
48,1,20,26,M
49,2,20,28,M
50,1,20,31,M
51,2,20,33,M
301,1,20,35,M
302,2,20,37,M
303,1,20,40,M
304,2,20,42,M
305,1,20,44,M
306,2,20,46,M
307,1,20,48,M
308,2,20,51,M
309,1,20,53,M
310,2,20,55,M
311,1,20,57,M
2,1,21,0,M
3,2,21,4,M
4,1,21,9,M
5,2,21,13,M
6,1,21,18,M
52,2,21,23,M
53,1,21,27,M
54,2,21,32,M
55,1,21,36,M
56,2,21,41,M
57,1,21,46,M
312,2,21,50,M
313,1,21,55,M
7,1,22,0,M
8,2,22,6,M
9,1,22,13,M
10,2,22,20,M
58,1,22,26,M
59,2,22,33,M
60,1,22,40,M
61,2,22,46,M
62,1,22,53,M
11,1,23,0,M
12,2,23,12,M
13,1,23,24,M
14,2,23,36,M
15,1,23,48,M
314,1,2,0,T
315,1,3,0,T
316,2,3,15,T
317,1,3,30,T
318,2,3,45,T
319,1,4,0,T
320,2,4,12,T
321,1,4,24,T
322,2,4,36,T
323,1,4,48,T
324,1,5,0,T
325,2,5,10,T
326,1,5,20,T
327,2,5,30,T
328,1,5,40,T
329,2,5,50,T
330,1,6,0,T
331,2,6,7,T
332,1,6,15,T
333,2,6,22,T
334,1,6,30,T
335,2,6,37,T
336,1,6,45,T
337,2,6,52,T
338,1,7,0,T
339,2,7,3,T
340,1,7,6,T
341,2,7,10,T
342,1,7,13,T
343,2,7,16,T
344,1,7,20,T
345,2,7,23,T
346,1,7,26,T
347,2,7,30,T
348,1,7,33,T
349,2,7,36,T
350,1,7,40,T
351,2,7,43,T
352,1,7,46,T
353,2,7,50,T
354,1,7,53,T
355,2,7,56,T
314,1,8,0,T
356,2,8,1,T
357,1,8,3,T
358,2,8,4,T
359,1,8,6,T
360,2,8,7,T
361,1,8,9,T
362,2,8,10,T
363,1,8,12,T
364,2,8,13,T
365,1,8,15,T
366,2,8,16,T
367,1,8,18,T
368,2,8,19,T
369,1,8,21,T
370,2,8,22,T
371,1,8,24,T
372,2,8,25,T
373,1,8,27,T
374,2,8,28,T
375,1,8,30,T
376,2,8,31,T
377,1,8,33,T
378,2,8,34,T
379,1,8,36,T
380,2,8,37,T
381,1,8,39,T
382,2,8,40,T
383,1,8,42,T
384,2,8,43,T
385,1,8,45,T
386,2,8,46,T
387,1,8,48,T
388,2,8,49,T
389,1,8,51,T
390,2,8,52,T
391,1,8,54,T
392,2,8,55,T
393,1,8,57,T
394,2,8,58,T
315,1,9,0,T
316,2,9,1,T
317,1,9,2,T
318,2,9,4,T
395,1,9,5,T
396,2,9,7,T
397,1,9,8,T
398,2,9,10,T
399,1,9,11,T
400,2,9,13,T
401,1,9,14,T
402,2,9,16,T
403,1,9,17,T
404,2,9,19,T
405,1,9,20,T
406,2,9,21,T
407,1,9,23,T
408,2,9,24,T
409,1,9,26,T
410,2,9,27,T
411,1,9,29,T
412,2,9,30,T
413,1,9,32,T
414,2,9,33,T
415,1,9,35,T
416,2,9,36,T
417,1,9,38,T
418,2,9,39,T
419,1,9,40,T
420,2,9,42,T
421,1,9,43,T
422,2,9,45,T
423,1,9,46,T
424,2,9,48,T
425,1,9,49,T
426,2,9,51,T
427,1,9,52,T
428,2,9,54,T
429,1,9,55,T
430,2,9,57,T
431,1,9,58,T
319,1,10,0,T
320,2,10,2,T
321,1,10,4,T
322,2,10,7,T
323,1,10,9,T
432,2,10,12,T
433,1,10,14,T
434,2,10,16,T
435,1,10,19,T
436,2,10,21,T
437,1,10,24,T
438,2,10,26,T
439,1,10,28,T
440,2,10,31,T
441,1,10,33,T
442,2,10,36,T
443,1,10,38,T
444,2,10,40,T
445,1,10,43,T
446,2,10,45,T
447,1,10,48,T
448,2,10,50,T
449,1,10,52,T
450,2,10,55,T
451,1,10,57,T
324,1,11,0,T
325,2,11,1,T
326,1,11,2,T
327,2,11,3,T
328,1,11,4,T
329,2,11,5,T
452,1,11,6,T
453,2,11,7,T
454,1,11,8,T
455,2,11,9,T
456,1,11,10,T
457,2,11,11,T
458,1,11,12,T
459,2,11,13,T
460,1,11,14,T
461,2,11,15,T
462,1,11,16,T
463,2,11,17,T
464,1,11,18,T
465,2,11,19,T
466,1,11,20,T
467,2,11,21,T
468,1,11,22,T
469,2,11,23,T
470,1,11,24,T
471,2,11,25,T
472,1,11,26,T
473,2,11,27,T
474,1,11,28,T
475,2,11,29,T
476,1,11,30,T
477,2,11,31,T
478,1,11,32,T
479,2,11,33,T
480,1,11,34,T
481,2,11,35,T
482,1,11,36,T
483,2,11,37,T
484,1,11,38,T
485,2,11,39,T
486,1,11,40,T
487,2,11,41,T
488,1,11,42,T
489,2,11,43,T
490,1,11,44,T
491,2,11,45,T
492,1,11,46,T
493,2,11,47,T
494,1,11,48,T
495,2,11,49,T
496,1,11,50,T
497,2,11,51,T
498,1,11,52,T
499,2,11,53,T
500,1,11,54,T
501,2,11,55,T
502,1,11,56,T
503,2,11,57,T
504,1,11,58,T
505,2,11,59,T
330,1,12,0,T
331,2,12,1,T
332,1,12,2,T
333,2,12,3,T
334,1,12,4,T
335,2,12,5,T
336,1,12,6,T
337,2,12,7,T
506,1,12,8,T
507,2,12,9,T
508,1,12,10,T
509,2,12,12,T
510,1,12,13,T
511,2,12,14,T
512,1,12,15,T
513,2,12,16,T
514,1,12,17,T
515,2,12,18,T
516,1,12,19,T
517,2,12,20,T
518,1,12,21,T
519,2,12,22,T
520,1,12,24,T
521,2,12,25,T
522,1,12,26,T
523,2,12,27,T
524,1,12,28,T
525,2,12,29,T
526,1,12,30,T
527,2,12,31,T
528,1,12,32,T
529,2,12,33,T
530,1,12,34,T
531,2,12,36,T
532,1,12,37,T
533,2,12,38,T
534,1,12,39,T
535,2,12,40,T
536,1,12,41,T
537,2,12,42,T
538,1,12,43,T
539,2,12,44,T
540,1,12,45,T
541,2,12,46,T
542,1,12,48,T
543,2,12,49,T
544,1,12,50,T
545,2,12,51,T
546,1,12,52,T
547,2,12,53,T
548,1,12,54,T
549,2,12,55,T
550,1,12,56,T
551,2,12,57,T
552,1,12,58,T
338,1,13,0,T
339,2,13,1,T
340,1,13,2,T
341,2,13,4,T
342,1,13,5,T
343,2,13,6,T
344,1,13,8,T
345,2,13,9,T
346,1,13,10,T
347,2,13,12,T
348,1,13,13,T
349,2,13,14,T
350,1,13,16,T
351,2,13,17,T
352,1,13,18,T
353,2,13,20,T
354,1,13,21,T
355,2,13,22,T
553,1,13,24,T
554,2,13,25,T
555,1,13,26,T
556,2,13,28,T
557,1,13,29,T
558,2,13,30,T
559,1,13,32,T
560,2,13,33,T
561,1,13,34,T
562,2,13,36,T
563,1,13,37,T
564,2,13,38,T
565,1,13,40,T
566,2,13,41,T
567,1,13,42,T
568,2,13,44,T
569,1,13,45,T
570,2,13,46,T
571,1,13,48,T
572,2,13,49,T
573,1,13,50,T
574,2,13,52,T
575,1,13,53,T
576,2,13,54,T
577,1,13,56,T
578,2,13,57,T
579,1,13,58,T
314,1,14,0,T
356,2,14,3,T
357,1,14,6,T
358,2,14,10,T
359,1,14,13,T
360,2,14,16,T
361,1,14,20,T
362,2,14,23,T
363,1,14,26,T
364,2,14,30,T
365,1,14,33,T
366,2,14,36,T
367,1,14,40,T
368,2,14,43,T
369,1,14,46,T
370,2,14,50,T
371,1,14,53,T
372,2,14,56,T
315,1,15,0,T
316,2,15,4,T
317,1,15,8,T
318,2,15,12,T
373,1,15,17,T
374,2,15,21,T
375,1,15,25,T
376,2,15,30,T
377,1,15,34,T
378,2,15,38,T
379,1,15,42,T
380,2,15,47,T
381,1,15,51,T
382,2,15,55,T
319,1,16,0,T
320,2,16,1,T
321,1,16,2,T
322,2,16,3,T
323,1,16,4,T
383,2,16,6,T
384,1,16,7,T
385,2,16,8,T
386,1,16,9,T
387,2,16,10,T
388,1,16,12,T
389,2,16,13,T
390,1,16,14,T
391,2,16,15,T
392,1,16,16,T
393,2,16,18,T
394,1,16,19,T
395,2,16,20,T
396,1,16,21,T
397,2,16,22,T
398,1,16,24,T
399,2,16,25,T
400,1,16,26,T
401,2,16,27,T
402,1,16,28,T
403,2,16,30,T
404,1,16,31,T
405,2,16,32,T
406,1,16,33,T
407,2,16,34,T
408,1,16,36,T
409,2,16,37,T
410,1,16,38,T
411,2,16,39,T
412,1,16,40,T
413,2,16,42,T
414,1,16,43,T
415,2,16,44,T
416,1,16,45,T
417,2,16,46,T
418,1,16,48,T
419,2,16,49,T
420,1,16,50,T
421,2,16,51,T
422,1,16,52,T
423,2,16,54,T
424,1,16,55,T
425,2,16,56,T
426,1,16,57,T
427,2,16,58,T
324,1,17,0,T
325,2,17,0,T
326,1,17,1,T
327,2,17,2,T
328,1,17,3,T
329,2,17,4,T
428,1,17,5,T
429,2,17,6,T
430,1,17,6,T
431,2,17,7,T
432,1,17,8,T
433,2,17,9,T
434,1,17,10,T
435,2,17,11,T
436,1,17,12,T
437,2,17,12,T
438,1,17,13,T
439,2,17,14,T
440,1,17,15,T
441,2,17,16,T
442,1,17,17,T
443,2,17,18,T
444,1,17,18,T
445,2,17,19,T
446,1,17,20,T
447,2,17,21,T
448,1,17,22,T
449,2,17,23,T
450,1,17,24,T
451,2,17,24,T
452,1,17,25,T
453,2,17,26,T
454,1,17,27,T
455,2,17,28,T
456,1,17,29,T
457,2,17,30,T
458,1,17,30,T
459,2,17,31,T
460,1,17,32,T
461,2,17,33,T
462,1,17,34,T
463,2,17,35,T
464,1,17,36,T
465,2,17,36,T
466,1,17,37,T
467,2,17,38,T
468,1,17,39,T
469,2,17,40,T
470,1,17,41,T
471,2,17,42,T
472,1,17,42,T
473,2,17,43,T
474,1,17,44,T
475,2,17,45,T
476,1,17,46,T
477,2,17,47,T
478,1,17,48,T
479,2,17,48,T
480,1,17,49,T
481,2,17,50,T
482,1,17,51,T
483,2,17,52,T
484,1,17,53,T
485,2,17,54,T
486,1,17,54,T
487,2,17,55,T
488,1,17,56,T
489,2,17,57,T
490,1,17,58,T
491,2,17,59,T
330,1,18,0,T
331,2,18,0,T
332,1,18,1,T
333,2,18,2,T
334,1,18,3,T
335,2,18,4,T
336,1,18,5,T
337,2,18,5,T
492,1,18,6,T
493,2,18,7,T
494,1,18,8,T
495,2,18,9,T
496,1,18,10,T
497,2,18,10,T
498,1,18,11,T
499,2,18,12,T
500,1,18,13,T
501,2,18,14,T
502,1,18,15,T
503,2,18,16,T
504,1,18,16,T
505,2,18,17,T
506,1,18,18,T
507,2,18,19,T
508,1,18,20,T
509,2,18,21,T
510,1,18,21,T
511,2,18,22,T
512,1,18,23,T
513,2,18,24,T
514,1,18,25,T
515,2,18,26,T
516,1,18,27,T
517,2,18,27,T
518,1,18,28,T
519,2,18,29,T
520,1,18,30,T
521,2,18,31,T
522,1,18,32,T
523,2,18,32,T
524,1,18,33,T
525,2,18,34,T
526,1,18,35,T
527,2,18,36,T
528,1,18,37,T
529,2,18,38,T
530,1,18,38,T
531,2,18,39,T
532,1,18,40,T
533,2,18,41,T
534,1,18,42,T
535,2,18,43,T
536,1,18,43,T
537,2,18,44,T
538,1,18,45,T
539,2,18,46,T
540,1,18,47,T
541,2,18,48,T
542,1,18,49,T
543,2,18,49,T
544,1,18,50,T
545,2,18,51,T
546,1,18,52,T
547,2,18,53,T
548,1,18,54,T
549,2,18,54,T
550,1,18,55,T
551,2,18,56,T
552,1,18,57,T
580,2,18,58,T
581,1,18,59,T
338,1,19,0,T
339,2,19,0,T
340,1,19,1,T
341,2,19,2,T
342,1,19,3,T
343,2,19,3,T
344,1,19,4,T
345,2,19,5,T
346,1,19,6,T
347,2,19,6,T
348,1,19,7,T
349,2,19,8,T
350,1,19,9,T
351,2,19,9,T
352,1,19,10,T
353,2,19,11,T
354,1,19,12,T
355,2,19,12,T
553,1,19,13,T
554,2,19,14,T
555,1,19,15,T
556,2,19,15,T
557,1,19,16,T
558,2,19,17,T
559,1,19,18,T
560,2,19,18,T
561,1,19,19,T
562,2,19,20,T
563,1,19,21,T
564,2,19,21,T
565,1,19,22,T
566,2,19,23,T
567,1,19,24,T
568,2,19,24,T
569,1,19,25,T
570,2,19,26,T
571,1,19,27,T
572,2,19,27,T
573,1,19,28,T
574,2,19,29,T
575,1,19,30,T
576,2,19,30,T
577,1,19,31,T
578,2,19,32,T
579,1,19,33,T
582,2,19,33,T
583,1,19,34,T
584,2,19,35,T
585,1,19,36,T
586,2,19,36,T
587,1,19,37,T
588,2,19,38,T
589,1,19,39,T
590,2,19,39,T
591,1,19,40,T
592,2,19,41,T
593,1,19,42,T
594,2,19,42,T
595,1,19,43,T
596,2,19,44,T
597,1,19,45,T
598,2,19,45,T
599,1,19,46,T
600,2,19,47,T
601,1,19,48,T
602,2,19,48,T
603,1,19,49,T
604,2,19,50,T
605,1,19,51,T
606,2,19,51,T
607,1,19,52,T
608,2,19,53,T
609,1,19,54,T
610,2,19,54,T
611,1,19,55,T
612,2,19,56,T
613,1,19,57,T
614,2,19,57,T
615,1,19,58,T
616,2,19,59,T
314,1,20,0,T
356,2,20,2,T
357,1,20,4,T
358,2,20,6,T
359,1,20,8,T
360,2,20,10,T
361,1,20,12,T
362,2,20,14,T
363,1,20,16,T
364,2,20,18,T
365,1,20,20,T
366,2,20,22,T
367,1,20,24,T
368,2,20,26,T
369,1,20,28,T
370,2,20,31,T
371,1,20,33,T
372,2,20,35,T
617,1,20,37,T
618,2,20,39,T
619,1,20,41,T
620,2,20,43,T
621,1,20,45,T
622,2,20,47,T
623,1,20,49,T
624,2,20,51,T
625,1,20,53,T
626,2,20,55,T
627,1,20,57,T
315,1,21,0,T
316,2,21,4,T
317,1,21,8,T
318,2,21,12,T
373,1,21,16,T
374,2,21,20,T
375,1,21,24,T
376,2,21,28,T
377,1,21,32,T
378,2,21,36,T
379,1,21,40,T
380,2,21,44,T
381,1,21,48,T
382,2,21,52,T
628,1,21,56,T
319,1,22,0,T
320,2,22,8,T
321,1,22,17,T
322,2,22,25,T
323,1,22,34,T
383,2,22,42,T
384,1,22,51,T
324,1,23,0,T
325,2,23,15,T
326,1,23,30,T
327,2,23,45,T
629,1,0,0,W
630,1,1,0,W
631,1,3,0,W
632,2,3,10,W
633,1,3,20,W
634,2,3,30,W
635,1,3,40,W
636,2,3,50,W
637,1,4,0,W
638,2,4,20,W
639,1,4,40,W
640,1,5,0,W
641,2,5,12,W
642,1,5,24,W
643,2,5,36,W
644,1,5,48,W
629,1,6,0,W
645,2,6,8,W
646,1,6,17,W
647,2,6,25,W
648,1,6,34,W
649,2,6,42,W
650,1,6,51,W
630,1,7,0,W
651,2,7,4,W
652,1,7,8,W
653,2,7,12,W
654,1,7,17,W
655,2,7,21,W
656,1,7,25,W
657,2,7,30,W
658,1,7,34,W
659,2,7,38,W
660,1,7,42,W
661,2,7,47,W
662,1,7,51,W
663,2,7,55,W
664,1,8,0,W
665,2,8,1,W
666,1,8,3,W
667,2,8,4,W
668,1,8,6,W
669,2,8,7,W
670,1,8,9,W
671,2,8,10,W
672,1,8,12,W
673,2,8,13,W
674,1,8,15,W
675,2,8,16,W
676,1,8,18,W
677,2,8,20,W
678,1,8,21,W
679,2,8,23,W
680,1,8,24,W
681,2,8,26,W
682,1,8,27,W
683,2,8,29,W
684,1,8,30,W
685,2,8,32,W
686,1,8,33,W
687,2,8,35,W
688,1,8,36,W
689,2,8,38,W
690,1,8,40,W
691,2,8,41,W
692,1,8,43,W
693,2,8,44,W
694,1,8,46,W
695,2,8,47,W
696,1,8,49,W
697,2,8,50,W
698,1,8,52,W
699,2,8,53,W
700,1,8,55,W
701,2,8,56,W
702,1,8,58,W
631,1,9,0,W
632,2,9,1,W
633,1,9,2,W
634,2,9,4,W
635,1,9,5,W
636,2,9,6,W
703,1,9,8,W
704,2,9,9,W
705,1,9,10,W
706,2,9,12,W
707,1,9,13,W
708,2,9,14,W
709,1,9,16,W
710,2,9,17,W
711,1,9,18,W
712,2,9,20,W
713,1,9,21,W
714,2,9,22,W
715,1,9,24,W
716,2,9,25,W
717,1,9,26,W
718,2,9,28,W
719,1,9,29,W
720,2,9,30,W
721,1,9,32,W
722,2,9,33,W
723,1,9,34,W
724,2,9,36,W
725,1,9,37,W
726,2,9,38,W
727,1,9,40,W
728,2,9,41,W
729,1,9,42,W
730,2,9,44,W
731,1,9,45,W
732,2,9,46,W
733,1,9,48,W
734,2,9,49,W
735,1,9,50,W
736,2,9,52,W
737,1,9,53,W
738,2,9,54,W
739,1,9,56,W
740,2,9,57,W
741,1,9,58,W
637,1,10,0,W
638,2,10,3,W
639,1,10,6,W
742,2,10,9,W
743,1,10,12,W
744,2,10,15,W
745,1,10,18,W
746,2,10,21,W
747,1,10,24,W
748,2,10,27,W
749,1,10,30,W
750,2,10,33,W
751,1,10,36,W
752,2,10,39,W
753,1,10,42,W
754,2,10,45,W
755,1,10,48,W
756,2,10,51,W
757,1,10,54,W
758,2,10,57,W
640,1,11,0,W
641,2,11,0,W
642,1,11,1,W
643,2,11,2,W
644,1,11,3,W
759,2,11,4,W
760,1,11,5,W
761,2,11,6,W
762,1,11,7,W
763,2,11,8,W
764,1,11,9,W
765,2,11,10,W
766,1,11,10,W
767,2,11,11,W
768,1,11,12,W
769,2,11,13,W
770,1,11,14,W
771,2,11,15,W
772,1,11,16,W
773,2,11,17,W
774,1,11,18,W
775,2,11,19,W
776,1,11,20,W
777,2,11,20,W
778,1,11,21,W
779,2,11,22,W
780,1,11,23,W
781,2,11,24,W
782,1,11,25,W
783,2,11,26,W
784,1,11,27,W
785,2,11,28,W
786,1,11,29,W
787,2,11,30,W
788,1,11,30,W
789,2,11,31,W
790,1,11,32,W
791,2,11,33,W
792,1,11,34,W
793,2,11,35,W
794,1,11,36,W
795,2,11,37,W
796,1,11,38,W
797,2,11,39,W
798,1,11,40,W
799,2,11,40,W
800,1,11,41,W
801,2,11,42,W
802,1,11,43,W
803,2,11,44,W
804,1,11,45,W
805,2,11,46,W
806,1,11,47,W
807,2,11,48,W
808,1,11,49,W
809,2,11,50,W
810,1,11,50,W
811,2,11,51,W
812,1,11,52,W
813,2,11,53,W
814,1,11,54,W
815,2,11,55,W
816,1,11,56,W
817,2,11,57,W
818,1,11,58,W
819,2,11,59,W
629,1,12,0,W
645,2,12,1,W
646,1,12,2,W
647,2,12,3,W
648,1,12,4,W
649,2,12,6,W
650,1,12,7,W
820,2,12,8,W
821,1,12,9,W
822,2,12,10,W
823,1,12,12,W
824,2,12,13,W
825,1,12,14,W
826,2,12,15,W
827,1,12,16,W
828,2,12,18,W
829,1,12,19,W
830,2,12,20,W
831,1,12,21,W
832,2,12,22,W
833,1,12,24,W
834,2,12,25,W
835,1,12,26,W
836,2,12,27,W
837,1,12,28,W
838,2,12,30,W
839,1,12,31,W
840,2,12,32,W
841,1,12,33,W
842,2,12,34,W
843,1,12,36,W
844,2,12,37,W
845,1,12,38,W
846,2,12,39,W
847,1,12,40,W
848,2,12,42,W
849,1,12,43,W
850,2,12,44,W
851,1,12,45,W
852,2,12,46,W
853,1,12,48,W
854,2,12,49,W
855,1,12,50,W
856,2,12,51,W
857,1,12,52,W
858,2,12,54,W
859,1,12,55,W
860,2,12,56,W
861,1,12,57,W
862,2,12,58,W
630,1,13,0,W
651,2,13,1,W
652,1,13,2,W
653,2,13,3,W
654,1,13,4,W
655,2,13,6,W
656,1,13,7,W
657,2,13,8,W
658,1,13,9,W
659,2,13,11,W
660,1,13,12,W
661,2,13,13,W
662,1,13,14,W
663,2,13,15,W
863,1,13,17,W
864,2,13,18,W
865,1,13,19,W
866,2,13,20,W
867,1,13,22,W
868,2,13,23,W
869,1,13,24,W
870,2,13,25,W
871,1,13,26,W
872,2,13,28,W
873,1,13,29,W
874,2,13,30,W
875,1,13,31,W
876,2,13,33,W
877,1,13,34,W
878,2,13,35,W
879,1,13,36,W
880,2,13,37,W
881,1,13,39,W
882,2,13,40,W
883,1,13,41,W
884,2,13,42,W
885,1,13,44,W
886,2,13,45,W
887,1,13,46,W
888,2,13,47,W
889,1,13,48,W
890,2,13,50,W
891,1,13,51,W
892,2,13,52,W
893,1,13,53,W
894,2,13,55,W
895,1,13,56,W
896,2,13,57,W
897,1,13,58,W
664,1,14,0,W
665,2,14,4,W
666,1,14,8,W
667,2,14,12,W
668,1,14,16,W
669,2,14,20,W
670,1,14,24,W
671,2,14,28,W
672,1,14,32,W
673,2,14,36,W
674,1,14,40,W
675,2,14,44,W
676,1,14,48,W
677,2,14,52,W
678,1,14,56,W
631,1,15,0,W
632,2,15,5,W
633,1,15,10,W
634,2,15,15,W
635,1,15,20,W
636,2,15,25,W
679,1,15,30,W
680,2,15,35,W
681,1,15,40,W
682,2,15,45,W
683,1,15,50,W
684,2,15,55,W
637,1,16,0,W
638,2,16,1,W
639,1,16,2,W
685,2,16,4,W
686,1,16,5,W
687,2,16,6,W
688,1,16,8,W
689,2,16,9,W
690,1,16,10,W
691,2,16,12,W
692,1,16,13,W
693,2,16,14,W
694,1,16,16,W
695,2,16,17,W
696,1,16,18,W
697,2,16,20,W
698,1,16,21,W
699,2,16,22,W
700,1,16,24,W
701,2,16,25,W
702,1,16,26,W
703,2,16,28,W
704,1,16,29,W
705,2,16,30,W
706,1,16,32,W
707,2,16,33,W
708,1,16,34,W
709,2,16,36,W
710,1,16,37,W
711,2,16,38,W
712,1,16,40,W
713,2,16,41,W
714,1,16,42,W
715,2,16,44,W
716,1,16,45,W
717,2,16,46,W
718,1,16,48,W
719,2,16,49,W
720,1,16,50,W
721,2,16,52,W
722,1,16,53,W
723,2,16,54,W
724,1,16,56,W
725,2,16,57,W
726,1,16,58,W
640,1,17,0,W
641,2,17,0,W
642,1,17,1,W
643,2,17,2,W
644,1,17,3,W
727,2,17,4,W
728,1,17,5,W
729,2,17,6,W
730,1,17,7,W
731,2,17,8,W
732,1,17,9,W
733,2,17,10,W
734,1,17,11,W
735,2,17,12,W
736,1,17,12,W
737,2,17,13,W
738,1,17,14,W
739,2,17,15,W
740,1,17,16,W
741,2,17,17,W
742,1,17,18,W
743,2,17,19,W
744,1,17,20,W
745,2,17,21,W
746,1,17,22,W
747,2,17,23,W
748,1,17,24,W
749,2,17,24,W
750,1,17,25,W
751,2,17,26,W
752,1,17,27,W
753,2,17,28,W
754,1,17,29,W
755,2,17,30,W
756,1,17,31,W
757,2,17,32,W
758,1,17,33,W
759,2,17,34,W
760,1,17,35,W
761,2,17,36,W
762,1,17,36,W
763,2,17,37,W
764,1,17,38,W
765,2,17,39,W
766,1,17,40,W
767,2,17,41,W
768,1,17,42,W
769,2,17,43,W
770,1,17,44,W
771,2,17,45,W
772,1,17,46,W
773,2,17,47,W
774,1,17,48,W
775,2,17,48,W
776,1,17,49,W
777,2,17,50,W
778,1,17,51,W
779,2,17,52,W
780,1,17,53,W
781,2,17,54,W
782,1,17,55,W
783,2,17,56,W
784,1,17,57,W
785,2,17,58,W
786,1,17,59,W
629,1,18,0,W
645,2,18,0,W
646,1,18,1,W
647,2,18,2,W
648,1,18,3,W
649,2,18,3,W
650,1,18,4,W
787,2,18,5,W
788,1,18,6,W
789,2,18,7,W
790,1,18,7,W
791,2,18,8,W
792,1,18,9,W
793,2,18,10,W
794,1,18,11,W
795,2,18,11,W
796,1,18,12,W
797,2,18,13,W
798,1,18,14,W
799,2,18,15,W
800,1,18,15,W
801,2,18,16,W
802,1,18,17,W
803,2,18,18,W
804,1,18,18,W
805,2,18,19,W
806,1,18,20,W
807,2,18,21,W
808,1,18,22,W
809,2,18,22,W
810,1,18,23,W
811,2,18,24,W
812,1,18,25,W
813,2,18,26,W
814,1,18,26,W
815,2,18,27,W
816,1,18,28,W
817,2,18,29,W
818,1,18,30,W
819,2,18,30,W
820,1,18,31,W
821,2,18,32,W
822,1,18,33,W
823,2,18,33,W
824,1,18,34,W
825,2,18,35,W
826,1,18,36,W
827,2,18,37,W
828,1,18,37,W
829,2,18,38,W
830,1,18,39,W
831,2,18,40,W
832,1,18,41,W
833,2,18,41,W
834,1,18,42,W
835,2,18,43,W
836,1,18,44,W
837,2,18,45,W
838,1,18,45,W
839,2,18,46,W
840,1,18,47,W
841,2,18,48,W
842,1,18,48,W
843,2,18,49,W
844,1,18,50,W
845,2,18,51,W
846,1,18,52,W
847,2,18,52,W
848,1,18,53,W
849,2,18,54,W
850,1,18,55,W
851,2,18,56,W
852,1,18,56,W
853,2,18,57,W
854,1,18,58,W
855,2,18,59,W
630,1,19,0,W
651,2,19,0,W
652,1,19,1,W
653,2,19,2,W
654,1,19,2,W
655,2,19,3,W
656,1,19,4,W
657,2,19,4,W
658,1,19,5,W
659,2,19,6,W
660,1,19,7,W
661,2,19,7,W
662,1,19,8,W
663,2,19,9,W
856,1,19,9,W
857,2,19,10,W
858,1,19,11,W
859,2,19,12,W
860,1,19,12,W
861,2,19,13,W
862,1,19,14,W
863,2,19,14,W
864,1,19,15,W
865,2,19,16,W
866,1,19,16,W
867,2,19,17,W
868,1,19,18,W
869,2,19,19,W
870,1,19,19,W
871,2,19,20,W
872,1,19,21,W
873,2,19,21,W
874,1,19,22,W
875,2,19,23,W
876,1,19,24,W
877,2,19,24,W
878,1,19,25,W
879,2,19,26,W
880,1,19,26,W
881,2,19,27,W
882,1,19,28,W
883,2,19,28,W
884,1,19,29,W
885,2,19,30,W
886,1,19,31,W
887,2,19,31,W
888,1,19,32,W
889,2,19,33,W
890,1,19,33,W
891,2,19,34,W
892,1,19,35,W
893,2,19,36,W
894,1,19,36,W
895,2,19,37,W
896,1,19,38,W
897,2,19,38,W
898,1,19,39,W
899,2,19,40,W
900,1,19,40,W
901,2,19,41,W
902,1,19,42,W
903,2,19,43,W
904,1,19,43,W
905,2,19,44,W
906,1,19,45,W
907,2,19,45,W
908,1,19,46,W
909,2,19,47,W
910,1,19,48,W
911,2,19,48,W
912,1,19,49,W
913,2,19,50,W
914,1,19,50,W
915,2,19,51,W
916,1,19,52,W
917,2,19,52,W
918,1,19,53,W
919,2,19,54,W
920,1,19,55,W
921,2,19,55,W
922,1,19,56,W
923,2,19,57,W
924,1,19,57,W
925,2,19,58,W
926,1,19,59,W
664,1,20,0,W
665,2,20,2,W
666,1,20,4,W
667,2,20,7,W
668,1,20,9,W
669,2,20,12,W
670,1,20,14,W
671,2,20,16,W
672,1,20,19,W
673,2,20,21,W
674,1,20,24,W
675,2,20,26,W
676,1,20,28,W
677,2,20,31,W
678,1,20,33,W
927,2,20,36,W
928,1,20,38,W
929,2,20,40,W
930,1,20,43,W
931,2,20,45,W
932,1,20,48,W
933,2,20,50,W
934,1,20,52,W
935,2,20,55,W
936,1,20,57,W
631,1,21,0,W
632,2,21,5,W
633,1,21,10,W
634,2,21,15,W
635,1,21,20,W
636,2,21,25,W
679,1,21,30,W
680,2,21,35,W
681,1,21,40,W
682,2,21,45,W
683,1,21,50,W
684,2,21,55,W
637,1,22,0,W
638,2,22,6,W
639,1,22,12,W
685,2,22,18,W
686,1,22,24,W
687,2,22,30,W
688,1,22,36,W
689,2,22,42,W
690,1,22,48,W
691,2,22,54,W
640,1,23,0,W
641,2,23,10,W
642,1,23,20,W
643,2,23,30,W
644,1,23,40,W
692,2,23,50,W
937,1,1,0,R
938,2,1,30,R
939,1,3,0,R
940,2,3,15,R
941,1,3,30,R
942,2,3,45,R
943,1,4,0,R
944,2,4,15,R
945,1,4,30,R
946,2,4,45,R
947,1,5,0,R
948,2,5,10,R
949,1,5,20,R
950,2,5,30,R
951,1,5,40,R
952,2,5,50,R
953,1,6,0,R
954,2,6,12,R
955,1,6,24,R
956,2,6,36,R
957,1,6,48,R
937,1,7,0,R
938,2,7,3,R
958,1,7,7,R
959,2,7,11,R
960,1,7,15,R
961,2,7,18,R
962,1,7,22,R
963,2,7,26,R
964,1,7,30,R
965,2,7,33,R
966,1,7,37,R
967,2,7,41,R
968,1,7,45,R
969,2,7,48,R
970,1,7,52,R
971,2,7,56,R
972,1,8,0,R
973,2,8,1,R
974,1,8,3,R
975,2,8,4,R
976,1,8,6,R
977,2,8,8,R
978,1,8,9,R
979,2,8,11,R
980,1,8,12,R
981,2,8,14,R
982,1,8,16,R
983,2,8,17,R
984,1,8,19,R
985,2,8,21,R
986,1,8,22,R
987,2,8,24,R
988,1,8,25,R
989,2,8,27,R
990,1,8,29,R
991,2,8,30,R
992,1,8,32,R
993,2,8,34,R
994,1,8,35,R
995,2,8,37,R
996,1,8,38,R
997,2,8,40,R
998,1,8,42,R
999,2,8,43,R
1000,1,8,45,R
1001,2,8,47,R
1002,1,8,48,R
1003,2,8,50,R
1004,1,8,51,R
1005,2,8,53,R
1006,1,8,55,R
1007,2,8,56,R
1008,1,8,58,R
939,1,9,0,R
940,2,9,1,R
941,1,9,2,R
942,2,9,4,R
1009,1,9,5,R
1010,2,9,7,R
1011,1,9,8,R
1012,2,9,10,R
1013,1,9,11,R
1014,2,9,12,R
1015,1,9,14,R
1016,2,9,15,R
1017,1,9,17,R
1018,2,9,18,R
1019,1,9,20,R
1020,2,9,21,R
1021,1,9,22,R
1022,2,9,24,R
1023,1,9,25,R
1024,2,9,27,R
1025,1,9,28,R
1026,2,9,30,R
1027,1,9,31,R
1028,2,9,32,R
1029,1,9,34,R
1030,2,9,35,R
1031,1,9,37,R
1032,2,9,38,R
1033,1,9,40,R
1034,2,9,41,R
1035,1,9,42,R
1036,2,9,44,R
1037,1,9,45,R
1038,2,9,47,R
1039,1,9,48,R
1040,2,9,50,R
1041,1,9,51,R
1042,2,9,52,R
1043,1,9,54,R
1044,2,9,55,R
1045,1,9,57,R
1046,2,9,58,R
943,1,10,0,R
944,2,10,2,R
945,1,10,5,R
946,2,10,7,R
1047,1,10,10,R
1048,2,10,13,R
1049,1,10,15,R
1050,2,10,18,R
1051,1,10,20,R
1052,2,10,23,R
1053,1,10,26,R
1054,2,10,28,R
1055,1,10,31,R
1056,2,10,33,R
1057,1,10,36,R
1058,2,10,39,R
1059,1,10,41,R
1060,2,10,44,R
1061,1,10,46,R
1062,2,10,49,R
1063,1,10,52,R
1064,2,10,54,R
1065,1,10,57,R
947,1,11,0,R
948,2,11,0,R
949,1,11,1,R
950,2,11,2,R
951,1,11,3,R
952,2,11,4,R
1066,1,11,5,R
1067,2,11,6,R
1068,1,11,7,R
1069,2,11,8,R
1070,1,11,9,R
1071,2,11,10,R
1072,1,11,11,R
1073,2,11,12,R
1074,1,11,13,R
1075,2,11,14,R
1076,1,11,15,R
1077,2,11,16,R
1078,1,11,17,R
1079,2,11,18,R
1080,1,11,19,R
1081,2,11,20,R
1082,1,11,21,R
1083,2,11,22,R
1084,1,11,23,R
1085,2,11,24,R
1086,1,11,25,R
1087,2,11,26,R
1088,1,11,27,R
1089,2,11,28,R
1090,1,11,29,R
1091,2,11,30,R
1092,1,11,30,R
1093,2,11,31,R
1094,1,11,32,R
1095,2,11,33,R
1096,1,11,34,R
1097,2,11,35,R
1098,1,11,36,R
1099,2,11,37,R
1100,1,11,38,R
1101,2,11,39,R
1102,1,11,40,R
1103,2,11,41,R
1104,1,11,42,R
1105,2,11,43,R
1106,1,11,44,R
1107,2,11,45,R
1108,1,11,46,R
1109,2,11,47,R
1110,1,11,48,R
1111,2,11,49,R
1112,1,11,50,R
1113,2,11,51,R
1114,1,11,52,R
1115,2,11,53,R
1116,1,11,54,R
1117,2,11,55,R
1118,1,11,56,R
1119,2,11,57,R
1120,1,11,58,R
1121,2,11,59,R
953,1,12,0,R
954,2,12,1,R
955,1,12,2,R
956,2,12,3,R
957,1,12,4,R
1122,2,12,5,R
1123,1,12,6,R
1124,2,12,7,R
1125,1,12,8,R
1126,2,12,9,R
1127,1,12,10,R
1128,2,12,11,R
1129,1,12,12,R
1130,2,12,13,R
1131,1,12,15,R
1132,2,12,16,R
1133,1,12,17,R
1134,2,12,18,R
1135,1,12,19,R
1136,2,12,20,R
1137,1,12,21,R
1138,2,12,22,R
1139,1,12,23,R
1140,2,12,24,R
1141,1,12,25,R
1142,2,12,26,R
1143,1,12,27,R
1144,2,12,28,R
1145,1,12,30,R
1146,2,12,31,R
1147,1,12,32,R
1148,2,12,33,R
1149,1,12,34,R
1150,2,12,35,R
1151,1,12,36,R
1152,2,12,37,R
1153,1,12,38,R
1154,2,12,39,R
1155,1,12,40,R
1156,2,12,41,R
1157,1,12,42,R
1158,2,12,43,R
1159,1,12,45,R
1160,2,12,46,R
1161,1,12,47,R
1162,2,12,48,R
1163,1,12,49,R
1164,2,12,50,R
1165,1,12,51,R
1166,2,12,52,R
1167,1,12,53,R
1168,2,12,54,R
1169,1,12,55,R
1170,2,12,56,R
1171,1,12,57,R
1172,2,12,58,R
937,1,13,0,R
938,2,13,1,R
958,1,13,2,R
959,2,13,3,R
960,1,13,5,R
961,2,13,6,R
962,1,13,7,R
963,2,13,9,R
964,1,13,10,R
965,2,13,11,R
966,1,13,13,R
967,2,13,14,R
968,1,13,15,R
969,2,13,16,R
970,1,13,18,R
971,2,13,19,R
1173,1,13,20,R
1174,2,13,22,R
1175,1,13,23,R
1176,2,13,24,R
1177,1,13,26,R
1178,2,13,27,R
1179,1,13,28,R
1180,2,13,30,R
1181,1,13,31,R
1182,2,13,32,R
1183,1,13,33,R
1184,2,13,35,R
1185,1,13,36,R
1186,2,13,37,R
1187,1,13,39,R
1188,2,13,40,R
1189,1,13,41,R
1190,2,13,43,R
1191,1,13,44,R
1192,2,13,45,R
1193,1,13,46,R
1194,2,13,48,R
1195,1,13,49,R
1196,2,13,50,R
1197,1,13,52,R
1198,2,13,53,R
1199,1,13,54,R
1200,2,13,56,R
1201,1,13,57,R
1202,2,13,58,R
972,1,14,0,R
973,2,14,3,R
974,1,14,7,R
975,2,14,10,R
976,1,14,14,R
977,2,14,17,R
978,1,14,21,R
979,2,14,24,R
980,1,14,28,R
981,2,14,31,R
982,1,14,35,R
983,2,14,38,R
984,1,14,42,R
985,2,14,45,R
986,1,14,49,R
987,2,14,52,R
988,1,14,56,R
939,1,15,0,R
940,2,15,4,R
941,1,15,8,R
942,2,15,12,R
989,1,15,16,R
990,2,15,20,R
991,1,15,24,R
992,2,15,28,R
993,1,15,32,R
994,2,15,36,R
995,1,15,40,R
996,2,15,44,R
997,1,15,48,R
998,2,15,52,R
999,1,15,56,R
943,1,16,0,R
944,2,16,1,R
945,1,16,2,R
946,2,16,3,R
1000,1,16,4,R
1001,2,16,5,R
1002,1,16,6,R
1003,2,16,8,R
1004,1,16,9,R
1005,2,16,10,R
1006,1,16,11,R
1007,2,16,12,R
1008,1,16,13,R
1009,2,16,14,R
1010,1,16,16,R
1011,2,16,17,R
1012,1,16,18,R
1013,2,16,19,R
1014,1,16,20,R
1015,2,16,21,R
1016,1,16,23,R
1017,2,16,24,R
1018,1,16,25,R
1019,2,16,26,R
1020,1,16,27,R
1021,2,16,28,R
1022,1,16,29,R
1023,2,16,31,R
1024,1,16,32,R
1025,2,16,33,R
1026,1,16,34,R
1027,2,16,35,R
1028,1,16,36,R
1029,2,16,38,R
1030,1,16,39,R
1031,2,16,40,R
1032,1,16,41,R
1033,2,16,42,R
1034,1,16,43,R
1035,2,16,44,R
1036,1,16,46,R
1037,2,16,47,R
1038,1,16,48,R
1039,2,16,49,R
1040,1,16,50,R
1041,2,16,51,R
1042,1,16,53,R
1043,2,16,54,R
1044,1,16,55,R
1045,2,16,56,R
1046,1,16,57,R
1047,2,16,58,R
947,1,17,0,R
948,2,17,0,R
949,1,17,1,R
950,2,17,2,R
951,1,17,3,R
952,2,17,4,R
1048,1,17,5,R
1049,2,17,5,R
1050,1,17,6,R
1051,2,17,7,R
1052,1,17,8,R
1053,2,17,9,R
1054,1,17,10,R
1055,2,17,10,R
1056,1,17,11,R
1057,2,17,12,R
1058,1,17,13,R
1059,2,17,14,R
1060,1,17,15,R
1061,2,17,15,R
1062,1,17,16,R
1063,2,17,17,R
1064,1,17,18,R
1065,2,17,19,R
1066,1,17,20,R
1067,2,17,20,R
1068,1,17,21,R
1069,2,17,22,R
1070,1,17,23,R
1071,2,17,24,R
1072,1,17,25,R
1073,2,17,25,R
1074,1,17,26,R
1075,2,17,27,R
1076,1,17,28,R
1077,2,17,29,R
1078,1,17,30,R
1079,2,17,30,R
1080,1,17,31,R
1081,2,17,32,R
1082,1,17,33,R
1083,2,17,34,R
1084,1,17,35,R
1085,2,17,35,R
1086,1,17,36,R
1087,2,17,37,R
1088,1,17,38,R
1089,2,17,39,R
1090,1,17,40,R
1091,2,17,40,R
1092,1,17,41,R
1093,2,17,42,R
1094,1,17,43,R
1095,2,17,44,R
1096,1,17,45,R
1097,2,17,45,R
1098,1,17,46,R
1099,2,17,47,R
1100,1,17,48,R
1101,2,17,49,R
1102,1,17,50,R
1103,2,17,50,R
1104,1,17,51,R
1105,2,17,52,R
1106,1,17,53,R
1107,2,17,54,R
1108,1,17,55,R
1109,2,17,55,R
1110,1,17,56,R
1111,2,17,57,R
1112,1,17,58,R
1113,2,17,59,R
953,1,18,0,R
954,2,18,0,R
955,1,18,1,R
956,2,18,2,R
957,1,18,3,R
1114,2,18,3,R
1115,1,18,4,R
1116,2,18,5,R
1117,1,18,6,R
1118,2,18,6,R
1119,1,18,7,R
1120,2,18,8,R
1121,1,18,9,R
1122,2,18,10,R
1123,1,18,10,R
1124,2,18,11,R
1125,1,18,12,R
1126,2,18,13,R
1127,1,18,13,R
1128,2,18,14,R
1129,1,18,15,R
1130,2,18,16,R
1131,1,18,16,R
1132,2,18,17,R
1133,1,18,18,R
1134,2,18,19,R
1135,1,18,20,R
1136,2,18,20,R
1137,1,18,21,R
1138,2,18,22,R
1139,1,18,23,R
1140,2,18,23,R
1141,1,18,24,R
1142,2,18,25,R
1143,1,18,26,R
1144,2,18,26,R
1145,1,18,27,R
1146,2,18,28,R
1147,1,18,29,R
1148,2,18,30,R
1149,1,18,30,R
1150,2,18,31,R
1151,1,18,32,R
1152,2,18,33,R
1153,1,18,33,R
1154,2,18,34,R
1155,1,18,35,R
1156,2,18,36,R
1157,1,18,36,R
1158,2,18,37,R
1159,1,18,38,R
1160,2,18,39,R
1161,1,18,40,R
1162,2,18,40,R
1163,1,18,41,R
1164,2,18,42,R
1165,1,18,43,R
1166,2,18,43,R
1167,1,18,44,R
1168,2,18,45,R
1169,1,18,46,R
1170,2,18,46,R
1171,1,18,47,R
1172,2,18,48,R
1203,1,18,49,R
1204,2,18,50,R
1205,1,18,50,R
1206,2,18,51,R
1207,1,18,52,R
1208,2,18,53,R
1209,1,18,53,R
1210,2,18,54,R
1211,1,18,55,R
1212,2,18,56,R
1213,1,18,56,R
1214,2,18,57,R
1215,1,18,58,R
1216,2,18,59,R
937,1,19,0,R
938,2,19,0,R
958,1,19,1,R
959,2,19,2,R
960,1,19,2,R
961,2,19,3,R
962,1,19,4,R
963,2,19,5,R
964,1,19,5,R
965,2,19,6,R
966,1,19,7,R
967,2,19,8,R
968,1,19,8,R
969,2,19,9,R
970,1,19,10,R
971,2,19,11,R
1173,1,19,11,R
1174,2,19,12,R
1175,1,19,13,R
1176,2,19,14,R
1177,1,19,14,R
1178,2,19,15,R
1179,1,19,16,R
1180,2,19,17,R
1181,1,19,17,R
1182,2,19,18,R
1183,1,19,19,R
1184,2,19,20,R
1185,1,19,20,R
1186,2,19,21,R
1187,1,19,22,R
1188,2,19,22,R
1189,1,19,23,R
1190,2,19,24,R
1191,1,19,25,R
1192,2,19,25,R
1193,1,19,26,R
1194,2,19,27,R
1195,1,19,28,R
1196,2,19,28,R
1197,1,19,29,R
1198,2,19,30,R
1199,1,19,31,R
1200,2,19,31,R
1201,1,19,32,R
1202,2,19,33,R
1217,1,19,34,R
1218,2,19,34,R
1219,1,19,35,R
1220,2,19,36,R
1221,1,19,37,R
1222,2,19,37,R
1223,1,19,38,R
1224,2,19,39,R
1225,1,19,40,R
1226,2,19,40,R
1227,1,19,41,R
1228,2,19,42,R
1229,1,19,42,R
1230,2,19,43,R
1231,1,19,44,R
1232,2,19,45,R
1233,1,19,45,R
1234,2,19,46,R
1235,1,19,47,R
1236,2,19,48,R
1237,1,19,48,R
1238,2,19,49,R
1239,1,19,50,R
1240,2,19,51,R
1241,1,19,51,R
1242,2,19,52,R
1243,1,19,53,R
1244,2,19,54,R
1245,1,19,54,R
1246,2,19,55,R
1247,1,19,56,R
1248,2,19,57,R
1249,1,19,57,R
1250,2,19,58,R
1251,1,19,59,R
972,1,20,0,R
973,2,20,1,R
974,1,20,3,R
975,2,20,5,R
976,1,20,6,R
977,2,20,8,R
978,1,20,10,R
979,2,20,12,R
980,1,20,13,R
981,2,20,15,R
982,1,20,17,R
983,2,20,18,R
984,1,20,20,R
985,2,20,22,R
986,1,20,24,R
987,2,20,25,R
988,1,20,27,R
1252,2,20,29,R
1253,1,20,30,R
1254,2,20,32,R
1255,1,20,34,R
1256,2,20,36,R
1257,1,20,37,R
1258,2,20,39,R
1259,1,20,41,R
1260,2,20,42,R
1261,1,20,44,R
1262,2,20,46,R
1263,1,20,48,R
1264,2,20,49,R
1265,1,20,51,R
1266,2,20,53,R
1267,1,20,54,R
1268,2,20,56,R
1269,1,20,58,R
939,1,21,0,R
940,2,21,3,R
941,1,21,6,R
942,2,21,10,R
989,1,21,13,R
990,2,21,16,R
991,1,21,20,R
992,2,21,23,R
993,1,21,26,R
994,2,21,30,R
995,1,21,33,R
996,2,21,36,R
997,1,21,40,R
998,2,21,43,R
999,1,21,46,R
1270,2,21,50,R
1271,1,21,53,R
1272,2,21,56,R
943,1,22,0,R
944,2,22,5,R
945,1,22,10,R
946,2,22,15,R
1000,1,22,20,R
1001,2,22,25,R
1002,1,22,30,R
1003,2,22,35,R
1004,1,22,40,R
1005,2,22,45,R
1006,1,22,50,R
1007,2,22,55,R
947,1,23,0,R
948,2,23,7,R
949,1,23,15,R
950,2,23,22,R
951,1,23,30,R
952,2,23,37,R
1008,1,23,45,R
1009,2,23,52,R
1273,1,0,0,F
1274,1,1,0,F
1275,2,1,30,F
1276,1,2,0,F
1277,1,3,0,F
1278,2,3,12,F
1279,1,3,24,F
1280,2,3,36,F
1281,1,3,48,F
1282,1,4,0,F
1283,2,4,12,F
1284,1,4,24,F
1285,2,4,36,F
1286,1,4,48,F
1287,1,5,0,F
1288,2,5,15,F
1289,1,5,30,F
1290,2,5,45,F
1273,1,6,0,F
1291,2,6,12,F
1292,1,6,24,F
1293,2,6,36,F
1294,1,6,48,F
1274,1,7,0,F
1275,2,7,4,F
1295,1,7,9,F
1296,2,7,13,F
1297,1,7,18,F
1298,2,7,23,F
1299,1,7,27,F
1300,2,7,32,F
1301,1,7,36,F
1302,2,7,41,F
1303,1,7,46,F
1304,2,7,50,F
1305,1,7,55,F
1276,1,8,0,F
1306,2,8,1,F
1307,1,8,3,F
1308,2,8,5,F
1309,1,8,6,F
1310,2,8,8,F
1311,1,8,10,F
1312,2,8,12,F
1313,1,8,13,F
1314,2,8,15,F
1315,1,8,17,F
1316,2,8,18,F
1317,1,8,20,F
1318,2,8,22,F
1319,1,8,24,F
1320,2,8,25,F
1321,1,8,27,F
1322,2,8,29,F
1323,1,8,30,F
1324,2,8,32,F
1325,1,8,34,F
1326,2,8,36,F
1327,1,8,37,F
1328,2,8,39,F
1329,1,8,41,F
1330,2,8,42,F
1331,1,8,44,F
1332,2,8,46,F
1333,1,8,48,F
1334,2,8,49,F
1335,1,8,51,F
1336,2,8,53,F
1337,1,8,54,F
1338,2,8,56,F
1339,1,8,58,F
1277,1,9,0,F
1278,2,9,1,F
1279,1,9,3,F
1280,2,9,4,F
1281,1,9,6,F
1340,2,9,7,F
1341,1,9,9,F
1342,2,9,10,F
1343,1,9,12,F
1344,2,9,13,F
1345,1,9,15,F
1346,2,9,16,F
1347,1,9,18,F
1348,2,9,19,F
1349,1,9,21,F
1350,2,9,22,F
1351,1,9,24,F
1352,2,9,25,F
1353,1,9,27,F
1354,2,9,28,F
1355,1,9,30,F
1356,2,9,31,F
1357,1,9,33,F
1358,2,9,34,F
1359,1,9,36,F
1360,2,9,37,F
1361,1,9,39,F
1362,2,9,40,F
1363,1,9,42,F
1364,2,9,43,F
1365,1,9,45,F
1366,2,9,46,F
1367,1,9,48,F
1368,2,9,49,F
1369,1,9,51,F
1370,2,9,52,F
1371,1,9,54,F
1372,2,9,55,F
1373,1,9,57,F
1374,2,9,58,F
1282,1,10,0,F
1283,2,10,2,F
1284,1,10,4,F
1285,2,10,6,F
1286,1,10,8,F
1375,2,10,10,F
1376,1,10,12,F
1377,2,10,15,F
1378,1,10,17,F
1379,2,10,19,F
1380,1,10,21,F
1381,2,10,23,F
1382,1,10,25,F
1383,2,10,27,F
1384,1,10,30,F
1385,2,10,32,F
1386,1,10,34,F
1387,2,10,36,F
1388,1,10,38,F
1389,2,10,40,F
1390,1,10,42,F
1391,2,10,45,F
1392,1,10,47,F
1393,2,10,49,F
1394,1,10,51,F
1395,2,10,53,F
1396,1,10,55,F
1397,2,10,57,F
1287,1,11,0,F
1288,2,11,0,F
1289,1,11,1,F
1290,2,11,2,F
1398,1,11,3,F
1399,2,11,4,F
1400,1,11,5,F
1401,2,11,6,F
1402,1,11,6,F
1403,2,11,7,F
1404,1,11,8,F
1405,2,11,9,F
1406,1,11,10,F
1407,2,11,11,F
1408,1,11,12,F
1409,2,11,12,F
1410,1,11,13,F
1411,2,11,14,F
1412,1,11,15,F
1413,2,11,16,F
1414,1,11,17,F
1415,2,11,18,F
1416,1,11,18,F
1417,2,11,19,F
1418,1,11,20,F
1419,2,11,21,F
1420,1,11,22,F
1421,2,11,23,F
1422,1,11,24,F
1423,2,11,24,F
1424,1,11,25,F
1425,2,11,26,F
1426,1,11,27,F
1427,2,11,28,F
1428,1,11,29,F
1429,2,11,30,F
1430,1,11,30,F
1431,2,11,31,F
1432,1,11,32,F
1433,2,11,33,F
1434,1,11,34,F
1435,2,11,35,F
1436,1,11,36,F
1437,2,11,36,F
1438,1,11,37,F
1439,2,11,38,F
1440,1,11,39,F
1441,2,11,40,F
1442,1,11,41,F
1443,2,11,42,F
1444,1,11,42,F
1445,2,11,43,F
1446,1,11,44,F
1447,2,11,45,F
1448,1,11,46,F
1449,2,11,47,F
1450,1,11,48,F
1451,2,11,48,F
1452,1,11,49,F
1453,2,11,50,F
1454,1,11,51,F
1455,2,11,52,F
1456,1,11,53,F
1457,2,11,54,F
1458,1,11,54,F
1459,2,11,55,F
1460,1,11,56,F
1461,2,11,57,F
1462,1,11,58,F
1463,2,11,59,F
1273,1,12,0,F
1291,2,12,0,F
1292,1,12,1,F
1293,2,12,2,F
1294,1,12,3,F
1464,2,12,4,F
1465,1,12,5,F
1466,2,12,6,F
1467,1,12,7,F
1468,2,12,8,F
1469,1,12,9,F
1470,2,12,10,F
1471,1,12,11,F
1472,2,12,12,F
1473,1,12,12,F
1474,2,12,13,F
1475,1,12,14,F
1476,2,12,15,F
1477,1,12,16,F
1478,2,12,17,F
1479,1,12,18,F
1480,2,12,19,F
1481,1,12,20,F
1482,2,12,21,F
1483,1,12,22,F
1484,2,12,23,F
1485,1,12,24,F
1486,2,12,24,F
1487,1,12,25,F
1488,2,12,26,F
1489,1,12,27,F
1490,2,12,28,F
1491,1,12,29,F
1492,2,12,30,F
1493,1,12,31,F
1494,2,12,32,F
1495,1,12,33,F
1496,2,12,34,F
1497,1,12,35,F
1498,2,12,36,F
1499,1,12,36,F
1500,2,12,37,F
1501,1,12,38,F
1502,2,12,39,F
1503,1,12,40,F
1504,2,12,41,F
1505,1,12,42,F
1506,2,12,43,F
1507,1,12,44,F
1508,2,12,45,F
1509,1,12,46,F
1510,2,12,47,F
1511,1,12,48,F
1512,2,12,48,F
1513,1,12,49,F
1514,2,12,50,F
1515,1,12,51,F
1516,2,12,52,F
1517,1,12,53,F
1518,2,12,54,F
1519,1,12,55,F
1520,2,12,56,F
1521,1,12,57,F
1522,2,12,58,F
1523,1,12,59,F
1274,1,13,0,F
1275,2,13,1,F
1295,1,13,2,F
1296,2,13,3,F
1297,1,13,4,F
1298,2,13,5,F
1299,1,13,6,F
1300,2,13,7,F
1301,1,13,8,F
1302,2,13,9,F
1303,1,13,10,F
1304,2,13,12,F
1305,1,13,13,F
1524,2,13,14,F
1525,1,13,15,F
1526,2,13,16,F
1527,1,13,17,F
1528,2,13,18,F
1529,1,13,19,F
1530,2,13,20,F
1531,1,13,21,F
1532,2,13,22,F
1533,1,13,24,F
1534,2,13,25,F
1535,1,13,26,F
1536,2,13,27,F
1537,1,13,28,F
1538,2,13,29,F
1539,1,13,30,F
1540,2,13,31,F
1541,1,13,32,F
1542,2,13,33,F
1543,1,13,34,F
1544,2,13,36,F
1545,1,13,37,F
1546,2,13,38,F
1547,1,13,39,F
1548,2,13,40,F
1549,1,13,41,F
1550,2,13,42,F
1551,1,13,43,F
1552,2,13,44,F
1553,1,13,45,F
1554,2,13,46,F
1555,1,13,48,F
1556,2,13,49,F
1557,1,13,50,F
1558,2,13,51,F
1559,1,13,52,F
1560,2,13,53,F
1561,1,13,54,F
1562,2,13,55,F
1563,1,13,56,F
1564,2,13,57,F
1565,1,13,58,F
1276,1,14,0,F
1306,2,14,2,F
1307,1,14,4,F
1308,2,14,6,F
1309,1,14,8,F
1310,2,14,10,F
1311,1,14,12,F
1312,2,14,14,F
1313,1,14,16,F
1314,2,14,18,F
1315,1,14,20,F
1316,2,14,22,F
1317,1,14,24,F
1318,2,14,26,F
1319,1,14,28,F
1320,2,14,30,F
1321,1,14,32,F
1322,2,14,34,F
1323,1,14,36,F
1324,2,14,38,F
1325,1,14,40,F
1326,2,14,42,F
1327,1,14,44,F
1328,2,14,46,F
1329,1,14,48,F
1330,2,14,50,F
1331,1,14,52,F
1332,2,14,54,F
1333,1,14,56,F
1334,2,14,58,F
1277,1,15,0,F
1278,2,15,1,F
1279,1,15,3,F
1280,2,15,4,F
1281,1,15,6,F
1335,2,15,7,F
1336,1,15,9,F
1337,2,15,10,F
1338,1,15,12,F
1339,2,15,13,F
1340,1,15,15,F
1341,2,15,16,F
1342,1,15,18,F
1343,2,15,19,F
1344,1,15,21,F
1345,2,15,22,F
1346,1,15,24,F
1347,2,15,25,F
1348,1,15,27,F
1349,2,15,28,F
1350,1,15,30,F
1351,2,15,31,F
1352,1,15,33,F
1353,2,15,34,F
1354,1,15,36,F
1355,2,15,37,F
1356,1,15,39,F
1357,2,15,40,F
1358,1,15,42,F
1359,2,15,43,F
1360,1,15,45,F
1361,2,15,46,F
1362,1,15,48,F
1363,2,15,49,F
1364,1,15,51,F
1365,2,15,52,F
1366,1,15,54,F
1367,2,15,55,F
1368,1,15,57,F
1369,2,15,58,F
1282,1,16,0,F
1283,2,16,1,F
1284,1,16,2,F
1285,2,16,3,F
1286,1,16,4,F
1370,2,16,5,F
1371,1,16,6,F
1372,2,16,7,F
1373,1,16,8,F
1374,2,16,9,F
1375,1,16,10,F
1376,2,16,11,F
1377,1,16,12,F
1378,2,16,13,F
1379,1,16,14,F
1380,2,16,15,F
1381,1,16,16,F
1382,2,16,17,F
1383,1,16,18,F
1384,2,16,19,F
1385,1,16,20,F
1386,2,16,21,F
1387,1,16,22,F
1388,2,16,23,F
1389,1,16,24,F
1390,2,16,25,F
1391,1,16,26,F
1392,2,16,27,F
1393,1,16,28,F
1394,2,16,29,F
1395,1,16,30,F
1396,2,16,31,F
1397,1,16,32,F
1566,2,16,33,F
1567,1,16,34,F
1568,2,16,35,F
1569,1,16,36,F
1570,2,16,37,F
1571,1,16,38,F
1572,2,16,39,F
1573,1,16,40,F
1574,2,16,41,F
1575,1,16,42,F
1576,2,16,43,F
1577,1,16,44,F
1578,2,16,45,F
1579,1,16,46,F
1580,2,16,47,F
1581,1,16,48,F
1582,2,16,49,F
1583,1,16,50,F
1584,2,16,51,F
1585,1,16,52,F
1586,2,16,53,F
1587,1,16,54,F
1588,2,16,55,F
1589,1,16,56,F
1590,2,16,57,F
1591,1,16,58,F
1592,2,16,59,F
1287,1,17,0,F
1288,2,17,0,F
1289,1,17,1,F
1290,2,17,2,F
1398,1,17,2,F
1399,2,17,3,F
1400,1,17,4,F
1401,2,17,4,F
1402,1,17,5,F
1403,2,17,6,F
1404,1,17,7,F
1405,2,17,7,F
1406,1,17,8,F
1407,2,17,9,F
1408,1,17,9,F
1409,2,17,10,F
1410,1,17,11,F
1411,2,17,12,F
1412,1,17,12,F
1413,2,17,13,F
1414,1,17,14,F
1415,2,17,14,F
1416,1,17,15,F
1417,2,17,16,F
1418,1,17,16,F
1419,2,17,17,F
1420,1,17,18,F
1421,2,17,19,F
1422,1,17,19,F
1423,2,17,20,F
1424,1,17,21,F
1425,2,17,21,F
1426,1,17,22,F
1427,2,17,23,F
1428,1,17,24,F
1429,2,17,24,F
1430,1,17,25,F
1431,2,17,26,F
1432,1,17,26,F
1433,2,17,27,F
1434,1,17,28,F
1435,2,17,28,F
1436,1,17,29,F
1437,2,17,30,F
1438,1,17,31,F
1439,2,17,31,F
1440,1,17,32,F
1441,2,17,33,F
1442,1,17,33,F
1443,2,17,34,F
1444,1,17,35,F
1445,2,17,36,F
1446,1,17,36,F
1447,2,17,37,F
1448,1,17,38,F
1449,2,17,38,F
1450,1,17,39,F
1451,2,17,40,F
1452,1,17,40,F
1453,2,17,41,F
1454,1,17,42,F
1455,2,17,43,F
1456,1,17,43,F
1457,2,17,44,F
1458,1,17,45,F
1459,2,17,45,F
1460,1,17,46,F
1461,2,17,47,F
1462,1,17,48,F
1463,2,17,48,F
1593,1,17,49,F
1594,2,17,50,F
1595,1,17,50,F
1596,2,17,51,F
1597,1,17,52,F
1598,2,17,52,F
1599,1,17,53,F
1600,2,17,54,F
1601,1,17,55,F
1602,2,17,55,F
1603,1,17,56,F
1604,2,17,57,F
1605,1,17,57,F
1606,2,17,58,F
1607,1,17,59,F
1273,1,18,0,F
1291,2,18,0,F
1292,1,18,1,F
1293,2,18,2,F
1294,1,18,2,F
1464,2,18,3,F
1465,1,18,4,F
1466,2,18,4,F
1467,1,18,5,F
1468,2,18,6,F
1469,1,18,6,F
1470,2,18,7,F
1471,1,18,8,F
1472,2,18,8,F
1473,1,18,9,F
1474,2,18,10,F
1475,1,18,10,F
1476,2,18,11,F
1477,1,18,12,F
1478,2,18,12,F
1479,1,18,13,F
1480,2,18,14,F
1481,1,18,14,F
1482,2,18,15,F
1483,1,18,16,F
1484,2,18,16,F
1485,1,18,17,F
1486,2,18,18,F
1487,1,18,18,F
1488,2,18,19,F
1489,1,18,20,F
1490,2,18,20,F
1491,1,18,21,F
1492,2,18,22,F
1493,1,18,22,F
1494,2,18,23,F
1495,1,18,24,F
1496,2,18,24,F
1497,1,18,25,F
1498,2,18,26,F
1499,1,18,26,F
1500,2,18,27,F
1501,1,18,28,F
1502,2,18,28,F
1503,1,18,29,F
1504,2,18,30,F
1505,1,18,30,F
1506,2,18,31,F
1507,1,18,32,F
1508,2,18,32,F
1509,1,18,33,F
1510,2,18,34,F
1511,1,18,34,F
1512,2,18,35,F
1513,1,18,36,F
1514,2,18,36,F
1515,1,18,37,F
1516,2,18,38,F
1517,1,18,38,F
1518,2,18,39,F
1519,1,18,40,F
1520,2,18,40,F
1521,1,18,41,F
1522,2,18,42,F
1523,1,18,42,F
1608,2,18,43,F
1609,1,18,44,F
1610,2,18,44,F
1611,1,18,45,F
1612,2,18,46,F
1613,1,18,46,F
1614,2,18,47,F
1615,1,18,48,F
1616,2,18,48,F
1617,1,18,49,F
1618,2,18,50,F
1619,1,18,50,F
1620,2,18,51,F
1621,1,18,52,F
1622,2,18,52,F
1623,1,18,53,F
1624,2,18,54,F
1625,1,18,54,F
1626,2,18,55,F
1627,1,18,56,F
1628,2,18,56,F
1629,1,18,57,F
1630,2,18,58,F
1631,1,18,58,F
1632,2,18,59,F
1274,1,19,0,F
1275,2,19,0,F
1295,1,19,1,F
1296,2,19,1,F
1297,1,19,2,F
1298,2,19,3,F
1299,1,19,3,F
1300,2,19,4,F
1301,1,19,5,F
1302,2,19,5,F
1303,1,19,6,F
1304,2,19,6,F
1305,1,19,7,F
1524,2,19,8,F
1525,1,19,8,F
1526,2,19,9,F
1527,1,19,10,F
1528,2,19,10,F
1529,1,19,11,F
1530,2,19,12,F
1531,1,19,12,F
1532,2,19,13,F
1533,1,19,13,F
1534,2,19,14,F
1535,1,19,15,F
1536,2,19,15,F
1537,1,19,16,F
1538,2,19,17,F
1539,1,19,17,F
1540,2,19,18,F
1541,1,19,18,F
1542,2,19,19,F
1543,1,19,20,F
1544,2,19,20,F
1545,1,19,21,F
1546,2,19,22,F
1547,1,19,22,F
1548,2,19,23,F
1549,1,19,24,F
1550,2,19,24,F
1551,1,19,25,F
1552,2,19,25,F
1553,1,19,26,F
1554,2,19,27,F
1555,1,19,27,F
1556,2,19,28,F
1557,1,19,29,F
1558,2,19,29,F
1559,1,19,30,F
1560,2,19,30,F
1561,1,19,31,F
1562,2,19,32,F
1563,1,19,32,F
1564,2,19,33,F
1565,1,19,34,F
1633,2,19,34,F
1634,1,19,35,F
1635,2,19,36,F
1636,1,19,36,F
1637,2,19,37,F
1638,1,19,37,F
1639,2,19,38,F
1640,1,19,39,F
1641,2,19,39,F
1642,1,19,40,F
1643,2,19,41,F
1644,1,19,41,F
1645,2,19,42,F
1646,1,19,42,F
1647,2,19,43,F
1648,1,19,44,F
1649,2,19,44,F
1650,1,19,45,F
1651,2,19,46,F
1652,1,19,46,F
1653,2,19,47,F
1654,1,19,48,F
1655,2,19,48,F
1656,1,19,49,F
1657,2,19,49,F
1658,1,19,50,F
1659,2,19,51,F
1660,1,19,51,F
1661,2,19,52,F
1662,1,19,53,F
1663,2,19,53,F
1664,1,19,54,F
1665,2,19,54,F
1666,1,19,55,F
1667,2,19,56,F
1668,1,19,56,F
1669,2,19,57,F
1670,1,19,58,F
1671,2,19,58,F
1672,1,19,59,F
1276,1,20,0,F
1306,2,20,1,F
1307,1,20,2,F
1308,2,20,3,F
1309,1,20,4,F
1310,2,20,5,F
1311,1,20,6,F
1312,2,20,7,F
1313,1,20,8,F
1314,2,20,9,F
1315,1,20,10,F
1316,2,20,12,F
1317,1,20,13,F
1318,2,20,14,F
1319,1,20,15,F
1320,2,20,16,F
1321,1,20,17,F
1322,2,20,18,F
1323,1,20,19,F
1324,2,20,20,F
1325,1,20,21,F
1326,2,20,22,F
1327,1,20,24,F
1328,2,20,25,F
1329,1,20,26,F
1330,2,20,27,F
1331,1,20,28,F
1332,2,20,29,F
1333,1,20,30,F
1334,2,20,31,F
1673,1,20,32,F
1674,2,20,33,F
1675,1,20,34,F
1676,2,20,36,F
1677,1,20,37,F
1678,2,20,38,F
1679,1,20,39,F
1680,2,20,40,F
1681,1,20,41,F
1682,2,20,42,F
1683,1,20,43,F
1684,2,20,44,F
1685,1,20,45,F
1686,2,20,46,F
1687,1,20,48,F
1688,2,20,49,F
1689,1,20,50,F
1690,2,20,51,F
1691,1,20,52,F
1692,2,20,53,F
1693,1,20,54,F
1694,2,20,55,F
1695,1,20,56,F
1696,2,20,57,F
1697,1,20,58,F
1277,1,21,0,F
1278,2,21,1,F
1279,1,21,3,F
1280,2,21,5,F
1281,1,21,6,F
1335,2,21,8,F
1336,1,21,10,F
1337,2,21,12,F
1338,1,21,13,F
1339,2,21,15,F
1340,1,21,17,F
1341,2,21,18,F
1342,1,21,20,F
1343,2,21,22,F
1344,1,21,24,F
1345,2,21,25,F
1346,1,21,27,F
1347,2,21,29,F
1348,1,21,30,F
1349,2,21,32,F
1350,1,21,34,F
1351,2,21,36,F
1352,1,21,37,F
1353,2,21,39,F
1354,1,21,41,F
1355,2,21,42,F
1356,1,21,44,F
1357,2,21,46,F
1358,1,21,48,F
1359,2,21,49,F
1360,1,21,51,F
1361,2,21,53,F
1362,1,21,54,F
1363,2,21,56,F
1364,1,21,58,F
1282,1,22,0,F
1283,2,22,2,F
1284,1,22,4,F
1285,2,22,7,F
1286,1,22,9,F
1365,2,22,12,F
1366,1,22,14,F
1367,2,22,16,F
1368,1,22,19,F
1369,2,22,21,F
1370,1,22,24,F
1371,2,22,26,F
1372,1,22,28,F
1373,2,22,31,F
1374,1,22,33,F
1375,2,22,36,F
1376,1,22,38,F
1377,2,22,40,F
1378,1,22,43,F
1379,2,22,45,F
1380,1,22,48,F
1381,2,22,50,F
1382,1,22,52,F
1383,2,22,55,F
1384,1,22,57,F
1287,1,23,0,F
1288,2,23,4,F
1289,1,23,8,F
1290,2,23,12,F
1385,1,23,16,F
1386,2,23,20,F
1387,1,23,24,F
1388,2,23,28,F
1389,1,23,32,F
1390,2,23,36,F
1391,1,23,40,F
1392,2,23,44,F
1393,1,23,48,F
1394,2,23,52,F
1395,1,23,56,F
1698,1,0,0,S
1699,2,0,12,S
1700,1,0,24,S
1701,2,0,36,S
1702,1,0,48,S
1703,1,1,0,S
1704,2,1,7,S
1705,1,1,15,S
1706,2,1,22,S
1707,1,1,30,S
1708,2,1,37,S
1709,1,1,45,S
1710,2,1,52,S
1711,1,2,0,S
1712,2,2,15,S
1713,1,2,30,S
1714,2,2,45,S
1715,1,3,0,S
1716,2,3,30,S
1717,1,4,0,S
1718,1,5,0,S
1719,2,5,30,S
1698,1,6,0,S
1699,2,6,15,S
1700,1,6,30,S
1701,2,6,45,S
1702,1,7,0,S
1703,2,7,7,S
1704,1,7,15,S
1705,2,7,22,S
1706,1,7,30,S
1707,2,7,37,S
1708,1,7,45,S
1709,2,7,52,S
1710,1,8,0,S
1711,2,8,4,S
1712,1,8,8,S
1713,2,8,12,S
1714,1,8,16,S
1720,2,8,20,S
1721,1,8,24,S
1722,2,8,28,S
1723,1,8,32,S
1724,2,8,36,S
1725,1,8,40,S
1726,2,8,44,S
1727,1,8,48,S
1728,2,8,52,S
1729,1,8,56,S
1715,1,9,0,S
1716,2,9,2,S
1730,1,9,4,S
1731,2,9,7,S
1732,1,9,9,S
1733,2,9,12,S
1734,1,9,14,S
1735,2,9,16,S
1736,1,9,19,S
1737,2,9,21,S
1738,1,9,24,S
1739,2,9,26,S
1740,1,9,28,S
1741,2,9,31,S
1742,1,9,33,S
1743,2,9,36,S
1744,1,9,38,S
1745,2,9,40,S
1746,1,9,43,S
1747,2,9,45,S
1748,1,9,48,S
1749,2,9,50,S
1750,1,9,52,S
1751,2,9,55,S
1752,1,9,57,S
1717,1,10,0,S
1753,2,10,1,S
1754,1,10,3,S
1755,2,10,4,S
1756,1,10,6,S
1757,2,10,7,S
1758,1,10,9,S
1759,2,10,10,S
1760,1,10,12,S
1761,2,10,13,S
1762,1,10,15,S
1763,2,10,16,S
1764,1,10,18,S
1765,2,10,19,S
1766,1,10,21,S
1767,2,10,22,S
1768,1,10,24,S
1769,2,10,25,S
1770,1,10,27,S
1771,2,10,28,S
1772,1,10,30,S
1773,2,10,31,S
1774,1,10,33,S
1775,2,10,34,S
1776,1,10,36,S
1777,2,10,37,S
1778,1,10,39,S
1779,2,10,40,S
1780,1,10,42,S
1781,2,10,43,S
1782,1,10,45,S
1783,2,10,46,S
1784,1,10,48,S
1785,2,10,49,S
1786,1,10,51,S
1787,2,10,52,S
1788,1,10,54,S
1789,2,10,55,S
1790,1,10,57,S
1791,2,10,58,S
1718,1,11,0,S
1719,2,11,1,S
1792,1,11,2,S
1793,2,11,3,S
1794,1,11,4,S
1795,2,11,5,S
1796,1,11,6,S
1797,2,11,7,S
1798,1,11,8,S
1799,2,11,9,S
1800,1,11,10,S
1801,2,11,12,S
1802,1,11,13,S
1803,2,11,14,S
1804,1,11,15,S
1805,2,11,16,S
1806,1,11,17,S
1807,2,11,18,S
1808,1,11,19,S
1809,2,11,20,S
1810,1,11,21,S
1811,2,11,22,S
1812,1,11,24,S
1813,2,11,25,S
1814,1,11,26,S
1815,2,11,27,S
1816,1,11,28,S
1817,2,11,29,S
1818,1,11,30,S
1819,2,11,31,S
1820,1,11,32,S
1821,2,11,33,S
1822,1,11,34,S
1823,2,11,36,S
1824,1,11,37,S
1825,2,11,38,S
1826,1,11,39,S
1827,2,11,40,S
1828,1,11,41,S
1829,2,11,42,S
1830,1,11,43,S
1831,2,11,44,S
1832,1,11,45,S
1833,2,11,46,S
1834,1,11,48,S
1835,2,11,49,S
1836,1,11,50,S
1837,2,11,51,S
1838,1,11,52,S
1839,2,11,53,S
1840,1,11,54,S
1841,2,11,55,S
1842,1,11,56,S
1843,2,11,57,S
1844,1,11,58,S
1698,1,12,0,S
1699,2,12,0,S
1700,1,12,1,S
1701,2,12,2,S
1845,1,12,3,S
1846,2,12,4,S
1847,1,12,5,S
1848,2,12,6,S
1849,1,12,7,S
1850,2,12,8,S
1851,1,12,9,S
1852,2,12,10,S
1853,1,12,11,S
1854,2,12,12,S
1855,1,12,12,S
1856,2,12,13,S
1857,1,12,14,S
1858,2,12,15,S
1859,1,12,16,S
1860,2,12,17,S
1861,1,12,18,S
1862,2,12,19,S
1863,1,12,20,S
1864,2,12,21,S
1865,1,12,22,S
1866,2,12,23,S
1867,1,12,24,S
1868,2,12,24,S
1869,1,12,25,S
1870,2,12,26,S
1871,1,12,27,S
1872,2,12,28,S
1873,1,12,29,S
1874,2,12,30,S
1875,1,12,31,S
1876,2,12,32,S
1877,1,12,33,S
1878,2,12,34,S
1879,1,12,35,S
1880,2,12,36,S
1881,1,12,36,S
1882,2,12,37,S
1883,1,12,38,S
1884,2,12,39,S
1885,1,12,40,S
1886,2,12,41,S
1887,1,12,42,S
1888,2,12,43,S
1889,1,12,44,S
1890,2,12,45,S
1891,1,12,46,S
1892,2,12,47,S
1893,1,12,48,S
1894,2,12,48,S
1895,1,12,49,S
1896,2,12,50,S
1897,1,12,51,S
1898,2,12,52,S
1899,1,12,53,S
1900,2,12,54,S
1901,1,12,55,S
1902,2,12,56,S
1903,1,12,57,S
1904,2,12,58,S
1905,1,12,59,S
1702,1,13,0,S
1703,2,13,0,S
1704,1,13,1,S
1705,2,13,2,S
1706,1,13,3,S
1707,2,13,4,S
1708,1,13,5,S
1709,2,13,6,S
1906,1,13,6,S
1907,2,13,7,S
1908,1,13,8,S
1909,2,13,9,S
1910,1,13,10,S
1911,2,13,11,S
1912,1,13,12,S
1913,2,13,12,S
1914,1,13,13,S
1915,2,13,14,S
1916,1,13,15,S
1917,2,13,16,S
1918,1,13,17,S
1919,2,13,18,S
1920,1,13,18,S
1921,2,13,19,S
1922,1,13,20,S
1923,2,13,21,S
1924,1,13,22,S
1925,2,13,23,S
1926,1,13,24,S
1927,2,13,24,S
1928,1,13,25,S
1929,2,13,26,S
1930,1,13,27,S
1931,2,13,28,S
1932,1,13,29,S
1933,2,13,30,S
1934,1,13,30,S
1935,2,13,31,S
1936,1,13,32,S
1937,2,13,33,S
1938,1,13,34,S
1939,2,13,35,S
1940,1,13,36,S
1941,2,13,36,S
1942,1,13,37,S
1943,2,13,38,S
1944,1,13,39,S
1945,2,13,40,S
1946,1,13,41,S
1947,2,13,42,S
1948,1,13,42,S
1949,2,13,43,S
1950,1,13,44,S
1951,2,13,45,S
1952,1,13,46,S
1953,2,13,47,S
1954,1,13,48,S
1955,2,13,48,S
1956,1,13,49,S
1957,2,13,50,S
1958,1,13,51,S
1959,2,13,52,S
1960,1,13,53,S
1961,2,13,54,S
1962,1,13,54,S
1963,2,13,55,S
1964,1,13,56,S
1965,2,13,57,S
1966,1,13,58,S
1967,2,13,59,S
1710,1,14,0,S
1711,2,14,0,S
1712,1,14,1,S
1713,2,14,2,S
1714,1,14,3,S
1720,2,14,4,S
1721,1,14,5,S
1722,2,14,6,S
1723,1,14,7,S
1724,2,14,7,S
1725,1,14,8,S
1726,2,14,9,S
1727,1,14,10,S
1728,2,14,11,S
1729,1,14,12,S
1968,2,14,13,S
1969,1,14,14,S
1970,2,14,15,S
1971,1,14,15,S
1972,2,14,16,S
1973,1,14,17,S
1974,2,14,18,S
1975,1,14,19,S
1976,2,14,20,S
1977,1,14,21,S
1978,2,14,22,S
1979,1,14,22,S
1980,2,14,23,S
1981,1,14,24,S
1982,2,14,25,S
1983,1,14,26,S
1984,2,14,27,S
1985,1,14,28,S
1986,2,14,29,S
1987,1,14,30,S
1988,2,14,30,S
1989,1,14,31,S
1990,2,14,32,S
1991,1,14,33,S
1992,2,14,34,S
1993,1,14,35,S
1994,2,14,36,S
1995,1,14,37,S
1996,2,14,37,S
1997,1,14,38,S
1998,2,14,39,S
1999,1,14,40,S
2000,2,14,41,S
2001,1,14,42,S
2002,2,14,43,S
2003,1,14,44,S
2004,2,14,45,S
2005,1,14,45,S
2006,2,14,46,S
2007,1,14,47,S
2008,2,14,48,S
2009,1,14,49,S
2010,2,14,50,S
2011,1,14,51,S
2012,2,14,52,S
2013,1,14,52,S
2014,2,14,53,S
2015,1,14,54,S
2016,2,14,55,S
2017,1,14,56,S
2018,2,14,57,S
2019,1,14,58,S
2020,2,14,59,S
1715,1,15,0,S
1716,2,15,1,S
1730,1,15,2,S
1731,2,15,3,S
1732,1,15,4,S
1733,2,15,5,S
1734,1,15,6,S
1735,2,15,7,S
1736,1,15,8,S
1737,2,15,9,S
1738,1,15,10,S
1739,2,15,11,S
1740,1,15,12,S
1741,2,15,13,S
1742,1,15,14,S
1743,2,15,15,S
1744,1,15,16,S
1745,2,15,17,S
1746,1,15,18,S
1747,2,15,19,S
1748,1,15,20,S
1749,2,15,21,S
1750,1,15,22,S
1751,2,15,23,S
1752,1,15,24,S
2021,2,15,25,S
2022,1,15,26,S
2023,2,15,27,S
2024,1,15,28,S
2025,2,15,29,S
2026,1,15,30,S
2027,2,15,31,S
2028,1,15,32,S
2029,2,15,33,S
2030,1,15,34,S
2031,2,15,35,S
2032,1,15,36,S
2033,2,15,37,S
2034,1,15,38,S
2035,2,15,39,S
2036,1,15,40,S
2037,2,15,41,S
2038,1,15,42,S
2039,2,15,43,S
2040,1,15,44,S
2041,2,15,45,S
2042,1,15,46,S
2043,2,15,47,S
2044,1,15,48,S
2045,2,15,49,S
2046,1,15,50,S
2047,2,15,51,S
2048,1,15,52,S
2049,2,15,53,S
2050,1,15,54,S
2051,2,15,55,S
2052,1,15,56,S
2053,2,15,57,S
2054,1,15,58,S
2055,2,15,59,S
1717,1,16,0,S
1753,2,16,1,S
1754,1,16,2,S
1755,2,16,3,S
1756,1,16,4,S
1757,2,16,5,S
1758,1,16,6,S
1759,2,16,7,S
1760,1,16,8,S
1761,2,16,9,S
1762,1,16,10,S
1763,2,16,12,S
1764,1,16,13,S
1765,2,16,14,S
1766,1,16,15,S
1767,2,16,16,S
1768,1,16,17,S
1769,2,16,18,S
1770,1,16,19,S
1771,2,16,20,S
1772,1,16,21,S
1773,2,16,22,S
1774,1,16,24,S
1775,2,16,25,S
1776,1,16,26,S
1777,2,16,27,S
1778,1,16,28,S
1779,2,16,29,S
1780,1,16,30,S
1781,2,16,31,S
1782,1,16,32,S
1783,2,16,33,S
1784,1,16,34,S
1785,2,16,36,S
1786,1,16,37,S
1787,2,16,38,S
1788,1,16,39,S
1789,2,16,40,S
1790,1,16,41,S
1791,2,16,42,S
2056,1,16,43,S
2057,2,16,44,S
2058,1,16,45,S
2059,2,16,46,S
2060,1,16,48,S
2061,2,16,49,S
2062,1,16,50,S
2063,2,16,51,S
2064,1,16,52,S
2065,2,16,53,S
2066,1,16,54,S
2067,2,16,55,S
2068,1,16,56,S
2069,2,16,57,S
2070,1,16,58,S
1718,1,17,0,S
1719,2,17,1,S
1792,1,17,2,S
1793,2,17,3,S
1794,1,17,4,S
1795,2,17,6,S
1796,1,17,7,S
1797,2,17,8,S
1798,1,17,9,S
1799,2,17,10,S
1800,1,17,12,S
1801,2,17,13,S
1802,1,17,14,S
1803,2,17,15,S
1804,1,17,16,S
1805,2,17,18,S
1806,1,17,19,S
1807,2,17,20,S
1808,1,17,21,S
1809,2,17,22,S
1810,1,17,24,S
1811,2,17,25,S
1812,1,17,26,S
1813,2,17,27,S
1814,1,17,28,S
1815,2,17,30,S
1816,1,17,31,S
1817,2,17,32,S
1818,1,17,33,S
1819,2,17,34,S
1820,1,17,36,S
1821,2,17,37,S
1822,1,17,38,S
1823,2,17,39,S
1824,1,17,40,S
1825,2,17,42,S
1826,1,17,43,S
1827,2,17,44,S
1828,1,17,45,S
1829,2,17,46,S
1830,1,17,48,S
1831,2,17,49,S
1832,1,17,50,S
1833,2,17,51,S
1834,1,17,52,S
1835,2,17,54,S
1836,1,17,55,S
1837,2,17,56,S
1838,1,17,57,S
1839,2,17,58,S
1698,1,18,0,S
1699,2,18,1,S
1700,1,18,2,S
1701,2,18,4,S
1840,1,18,5,S
1841,2,18,6,S
1842,1,18,8,S
1843,2,18,9,S
1844,1,18,10,S
1845,2,18,12,S
1846,1,18,13,S
1847,2,18,14,S
1848,1,18,16,S
1849,2,18,17,S
1850,1,18,18,S
1851,2,18,20,S
1852,1,18,21,S
1853,2,18,22,S
1854,1,18,24,S
1855,2,18,25,S
1856,1,18,26,S
1857,2,18,28,S
1858,1,18,29,S
1859,2,18,30,S
1860,1,18,32,S
1861,2,18,33,S
1862,1,18,34,S
1863,2,18,36,S
1864,1,18,37,S
1865,2,18,38,S
1866,1,18,40,S
1867,2,18,41,S
1868,1,18,42,S
1869,2,18,44,S
1870,1,18,45,S
1871,2,18,46,S
1872,1,18,48,S
1873,2,18,49,S
1874,1,18,50,S
1875,2,18,52,S
1876,1,18,53,S
1877,2,18,54,S
1878,1,18,56,S
1879,2,18,57,S
1880,1,18,58,S
1702,1,19,0,S
1703,2,19,1,S
1704,1,19,3,S
1705,2,19,4,S
1706,1,19,6,S
1707,2,19,7,S
1708,1,19,9,S
1709,2,19,10,S
1881,1,19,12,S
1882,2,19,13,S
1883,1,19,15,S
1884,2,19,16,S
1885,1,19,18,S
1886,2,19,19,S
1887,1,19,21,S
1888,2,19,22,S
1889,1,19,24,S
1890,2,19,25,S
1891,1,19,27,S
1892,2,19,28,S
1893,1,19,30,S
1894,2,19,31,S
1895,1,19,33,S
1896,2,19,34,S
1897,1,19,36,S
1898,2,19,37,S
1899,1,19,39,S
1900,2,19,40,S
1901,1,19,42,S
1902,2,19,43,S
1903,1,19,45,S
1904,2,19,46,S
1905,1,19,48,S
1906,2,19,49,S
1907,1,19,51,S
1908,2,19,52,S
1909,1,19,54,S
1910,2,19,55,S
1911,1,19,57,S
1912,2,19,58,S
1710,1,20,0,S
1711,2,20,1,S
1712,1,20,3,S
1713,2,20,5,S
1714,1,20,6,S
1720,2,20,8,S
1721,1,20,10,S
1722,2,20,12,S
1723,1,20,13,S
1724,2,20,15,S
1725,1,20,17,S
1726,2,20,18,S
1727,1,20,20,S
1728,2,20,22,S
1729,1,20,24,S
1913,2,20,25,S
1914,1,20,27,S
1915,2,20,29,S
1916,1,20,30,S
1917,2,20,32,S
1918,1,20,34,S
1919,2,20,36,S
1920,1,20,37,S
1921,2,20,39,S
1922,1,20,41,S
1923,2,20,42,S
1924,1,20,44,S
1925,2,20,46,S
1926,1,20,48,S
1927,2,20,49,S
1928,1,20,51,S
1929,2,20,53,S
1930,1,20,54,S
1931,2,20,56,S
1932,1,20,58,S
1715,1,21,0,S
1716,2,21,2,S
1730,1,21,4,S
1731,2,21,7,S
1732,1,21,9,S
1733,2,21,12,S
1734,1,21,14,S
1735,2,21,16,S
1736,1,21,19,S
1737,2,21,21,S
1738,1,21,24,S
1739,2,21,26,S
1740,1,21,28,S
1741,2,21,31,S
1742,1,21,33,S
1743,2,21,36,S
1744,1,21,38,S
1745,2,21,40,S
1746,1,21,43,S
1747,2,21,45,S
1748,1,21,48,S
1749,2,21,50,S
1750,1,21,52,S
1751,2,21,55,S
1752,1,21,57,S
1717,1,22,0,S
1753,2,22,3,S
1754,1,22,6,S
1755,2,22,9,S
1756,1,22,12,S
1757,2,22,15,S
1758,1,22,18,S
1759,2,22,21,S
1760,1,22,24,S
1761,2,22,27,S
1762,1,22,30,S
1763,2,22,33,S
1764,1,22,36,S
1765,2,22,39,S
1766,1,22,42,S
1767,2,22,45,S
1768,1,22,48,S
1769,2,22,51,S
1770,1,22,54,S
1771,2,22,57,S
1718,1,23,0,S
1719,2,23,5,S
1772,1,23,10,S
1773,2,23,15,S
1774,1,23,20,S
1775,2,23,25,S
1776,1,23,30,S
1777,2,23,35,S
1778,1,23,40,S
1779,2,23,45,S
1780,1,23,50,S
1781,2,23,55,S
2071,1,0,0,U
2072,2,0,20,U
2073,1,0,40,U
2074,1,1,0,U
2075,2,1,15,U
2076,1,1,30,U
2077,2,1,45,U
2078,1,2,0,U
2079,2,2,30,U
2080,1,3,0,U
2081,1,4,0,U
2082,1,5,0,U
2071,1,6,0,U
2072,2,6,20,U
2073,1,6,40,U
2074,1,7,0,U
2075,2,7,10,U
2076,1,7,20,U
2077,2,7,30,U
2083,1,7,40,U
2084,2,7,50,U
2078,1,8,0,U
2079,2,8,5,U
2085,1,8,10,U
2086,2,8,15,U
2087,1,8,20,U
2088,2,8,25,U
2089,1,8,30,U
2090,2,8,35,U
2091,1,8,40,U
2092,2,8,45,U
2093,1,8,50,U
2094,2,8,55,U
2080,1,9,0,U
2095,2,9,3,U
2096,1,9,6,U
2097,2,9,9,U
2098,1,9,12,U
2099,2,9,15,U
2100,1,9,18,U
2101,2,9,21,U
2102,1,9,24,U
2103,2,9,27,U
2104,1,9,30,U
2105,2,9,33,U
2106,1,9,36,U
2107,2,9,39,U
2108,1,9,42,U
2109,2,9,45,U
2110,1,9,48,U
2111,2,9,51,U
2112,1,9,54,U
2113,2,9,57,U
2081,1,10,0,U
2114,2,10,1,U
2115,1,10,3,U
2116,2,10,5,U
2117,1,10,6,U
2118,2,10,8,U
2119,1,10,10,U
2120,2,10,12,U
2121,1,10,13,U
2122,2,10,15,U
2123,1,10,17,U
2124,2,10,18,U
2125,1,10,20,U
2126,2,10,22,U
2127,1,10,24,U
2128,2,10,25,U
2129,1,10,27,U
2130,2,10,29,U
2131,1,10,30,U
2132,2,10,32,U
2133,1,10,34,U
2134,2,10,36,U
2135,1,10,37,U
2136,2,10,39,U
2137,1,10,41,U
2138,2,10,42,U
2139,1,10,44,U
2140,2,10,46,U
2141,1,10,48,U
2142,2,10,49,U
2143,1,10,51,U
2144,2,10,53,U
2145,1,10,54,U
2146,2,10,56,U
2147,1,10,58,U
2082,1,11,0,U
2148,2,11,1,U
2149,1,11,2,U
2150,2,11,3,U
2151,1,11,4,U
2152,2,11,6,U
2153,1,11,7,U
2154,2,11,8,U
2155,1,11,9,U
2156,2,11,10,U
2157,1,11,12,U
2158,2,11,13,U
2159,1,11,14,U
2160,2,11,15,U
2161,1,11,16,U
2162,2,11,18,U
2163,1,11,19,U
2164,2,11,20,U
2165,1,11,21,U
2166,2,11,22,U
2167,1,11,24,U
2168,2,11,25,U
2169,1,11,26,U
2170,2,11,27,U
2171,1,11,28,U
2172,2,11,30,U
2173,1,11,31,U
2174,2,11,32,U
2175,1,11,33,U
2176,2,11,34,U
2177,1,11,36,U
2178,2,11,37,U
2179,1,11,38,U
2180,2,11,39,U
2181,1,11,40,U
2182,2,11,42,U
2183,1,11,43,U
2184,2,11,44,U
2185,1,11,45,U
2186,2,11,46,U
2187,1,11,48,U
2188,2,11,49,U
2189,1,11,50,U
2190,2,11,51,U
2191,1,11,52,U
2192,2,11,54,U
2193,1,11,55,U
2194,2,11,56,U
2195,1,11,57,U
2196,2,11,58,U
2071,1,12,0,U
2072,2,12,1,U
2073,1,12,2,U
2197,2,12,3,U
2198,1,12,4,U
2199,2,12,5,U
2200,1,12,6,U
2201,2,12,7,U
2202,1,12,8,U
2203,2,12,9,U
2204,1,12,10,U
2205,2,12,11,U
2206,1,12,12,U
2207,2,12,13,U
2208,1,12,14,U
2209,2,12,15,U
2210,1,12,16,U
2211,2,12,17,U
2212,1,12,18,U
2213,2,12,19,U
2214,1,12,20,U
2215,2,12,21,U
2216,1,12,22,U
2217,2,12,23,U
2218,1,12,24,U
2219,2,12,25,U
2220,1,12,26,U
2221,2,12,27,U
2222,1,12,28,U
2223,2,12,29,U
2224,1,12,30,U
2225,2,12,31,U
2226,1,12,32,U
2227,2,12,33,U
2228,1,12,34,U
2229,2,12,35,U
2230,1,12,36,U
2231,2,12,37,U
2232,1,12,38,U
2233,2,12,39,U
2234,1,12,40,U
2235,2,12,41,U
2236,1,12,42,U
2237,2,12,43,U
2238,1,12,44,U
2239,2,12,45,U
2240,1,12,46,U
2241,2,12,47,U
2242,1,12,48,U
2243,2,12,49,U
2244,1,12,50,U
2245,2,12,51,U
2246,1,12,52,U
2247,2,12,53,U
2248,1,12,54,U
2249,2,12,55,U
2250,1,12,56,U
2251,2,12,57,U
2252,1,12,58,U
2253,2,12,59,U
2074,1,13,0,U
2075,2,13,1,U
2076,1,13,2,U
2077,2,13,3,U
2083,1,13,4,U
2084,2,13,5,U
2254,1,13,6,U
2255,2,13,7,U
2256,1,13,8,U
2257,2,13,9,U
2258,1,13,10,U
2259,2,13,12,U
2260,1,13,13,U
2261,2,13,14,U
2262,1,13,15,U
2263,2,13,16,U
2264,1,13,17,U
2265,2,13,18,U
2266,1,13,19,U
2267,2,13,20,U
2268,1,13,21,U
2269,2,13,22,U
2270,1,13,24,U
2271,2,13,25,U
2272,1,13,26,U
2273,2,13,27,U
2274,1,13,28,U
2275,2,13,29,U
2276,1,13,30,U
2277,2,13,31,U
2278,1,13,32,U
2279,2,13,33,U
2280,1,13,34,U
2281,2,13,36,U
2282,1,13,37,U
2283,2,13,38,U
2284,1,13,39,U
2285,2,13,40,U
2286,1,13,41,U
2287,2,13,42,U
2288,1,13,43,U
2289,2,13,44,U
2290,1,13,45,U
2291,2,13,46,U
2292,1,13,48,U
2293,2,13,49,U
2294,1,13,50,U
2295,2,13,51,U
2296,1,13,52,U
2297,2,13,53,U
2298,1,13,54,U
2299,2,13,55,U
2300,1,13,56,U
2301,2,13,57,U
2302,1,13,58,U
2078,1,14,0,U
2079,2,14,1,U
2085,1,14,2,U
2086,2,14,3,U
2087,1,14,4,U
2088,2,14,6,U
2089,1,14,7,U
2090,2,14,8,U
2091,1,14,9,U
2092,2,14,10,U
2093,1,14,12,U
2094,2,14,13,U
2303,1,14,14,U
2304,2,14,15,U
2305,1,14,16,U
2306,2,14,18,U
2307,1,14,19,U
2308,2,14,20,U
2309,1,14,21,U
2310,2,14,22,U
2311,1,14,24,U
2312,2,14,25,U
2313,1,14,26,U
2314,2,14,27,U
2315,1,14,28,U
2316,2,14,30,U
2317,1,14,31,U
2318,2,14,32,U
2319,1,14,33,U
2320,2,14,34,U
2321,1,14,36,U
2322,2,14,37,U
2323,1,14,38,U
2324,2,14,39,U
2325,1,14,40,U
2326,2,14,42,U
2327,1,14,43,U
2328,2,14,44,U
2329,1,14,45,U
2330,2,14,46,U
2331,1,14,48,U
2332,2,14,49,U
2333,1,14,50,U
2334,2,14,51,U
2335,1,14,52,U
2336,2,14,54,U
2337,1,14,55,U
2338,2,14,56,U
2339,1,14,57,U
2340,2,14,58,U
2080,1,15,0,U
2095,2,15,1,U
2096,1,15,2,U
2097,2,15,4,U
2098,1,15,5,U
2099,2,15,6,U
2100,1,15,8,U
2101,2,15,9,U
2102,1,15,10,U
2103,2,15,12,U
2104,1,15,13,U
2105,2,15,14,U
2106,1,15,16,U
2107,2,15,17,U
2108,1,15,18,U
2109,2,15,20,U
2110,1,15,21,U
2111,2,15,22,U
2112,1,15,24,U
2113,2,15,25,U
2341,1,15,26,U
2342,2,15,28,U
2343,1,15,29,U
2344,2,15,30,U
2345,1,15,32,U
2346,2,15,33,U
2347,1,15,34,U
2348,2,15,36,U
2349,1,15,37,U
2350,2,15,38,U
2351,1,15,40,U
2352,2,15,41,U
2353,1,15,42,U
2354,2,15,44,U
2355,1,15,45,U
2356,2,15,46,U
2357,1,15,48,U
2358,2,15,49,U
2359,1,15,50,U
2360,2,15,52,U
2361,1,15,53,U
2362,2,15,54,U
2363,1,15,56,U
2364,2,15,57,U
2365,1,15,58,U
2081,1,16,0,U
2114,2,16,1,U
2115,1,16,3,U
2116,2,16,4,U
2117,1,16,6,U
2118,2,16,7,U
2119,1,16,9,U
2120,2,16,10,U
2121,1,16,12,U
2122,2,16,13,U
2123,1,16,15,U
2124,2,16,16,U
2125,1,16,18,U
2126,2,16,19,U
2127,1,16,21,U
2128,2,16,22,U
2129,1,16,24,U
2130,2,16,25,U
2131,1,16,27,U
2132,2,16,28,U
2133,1,16,30,U
2134,2,16,31,U
2135,1,16,33,U
2136,2,16,34,U
2137,1,16,36,U
2138,2,16,37,U
2139,1,16,39,U
2140,2,16,40,U
2141,1,16,42,U
2142,2,16,43,U
2143,1,16,45,U
2144,2,16,46,U
2145,1,16,48,U
2146,2,16,49,U
2147,1,16,51,U
2366,2,16,52,U
2367,1,16,54,U
2368,2,16,55,U
2369,1,16,57,U
2370,2,16,58,U
2082,1,17,0,U
2148,2,17,1,U
2149,1,17,3,U
2150,2,17,5,U
2151,1,17,6,U
2152,2,17,8,U
2153,1,17,10,U
2154,2,17,12,U
2155,1,17,13,U
2156,2,17,15,U
2157,1,17,17,U
2158,2,17,18,U
2159,1,17,20,U
2160,2,17,22,U
2161,1,17,24,U
2162,2,17,25,U
2163,1,17,27,U
2164,2,17,29,U
2165,1,17,30,U
2166,2,17,32,U
2167,1,17,34,U
2168,2,17,36,U
2169,1,17,37,U
2170,2,17,39,U
2171,1,17,41,U
2172,2,17,42,U
2173,1,17,44,U
2174,2,17,46,U
2175,1,17,48,U
2176,2,17,49,U
2177,1,17,51,U
2178,2,17,53,U
2179,1,17,54,U
2180,2,17,56,U
2181,1,17,58,U
2071,1,18,0,U
2072,2,18,2,U
2073,1,18,4,U
2182,2,18,6,U
2183,1,18,8,U
2184,2,18,10,U
2185,1,18,12,U
2186,2,18,14,U
2187,1,18,16,U
2188,2,18,18,U
2189,1,18,20,U
2190,2,18,22,U
2191,1,18,24,U
2192,2,18,26,U
2193,1,18,28,U
2194,2,18,30,U
2195,1,18,32,U
2196,2,18,34,U
2197,1,18,36,U
2198,2,18,38,U
2199,1,18,40,U
2200,2,18,42,U
2201,1,18,44,U
2202,2,18,46,U
2203,1,18,48,U
2204,2,18,50,U
2205,1,18,52,U
2206,2,18,54,U
2207,1,18,56,U
2208,2,18,58,U
2074,1,19,0,U
2075,2,19,2,U
2076,1,19,4,U
2077,2,19,7,U
2083,1,19,9,U
2084,2,19,12,U
2209,1,19,14,U
2210,2,19,16,U
2211,1,19,19,U
2212,2,19,21,U
2213,1,19,24,U
2214,2,19,26,U
2215,1,19,28,U
2216,2,19,31,U
2217,1,19,33,U
2218,2,19,36,U
2219,1,19,38,U
2220,2,19,40,U
2221,1,19,43,U
2222,2,19,45,U
2223,1,19,48,U
2224,2,19,50,U
2225,1,19,52,U
2226,2,19,55,U
2227,1,19,57,U
2078,1,20,0,U
2079,2,20,4,U
2085,1,20,8,U
2086,2,20,12,U
2087,1,20,16,U
2088,2,20,20,U
2089,1,20,24,U
2090,2,20,28,U
2091,1,20,32,U
2092,2,20,36,U
2093,1,20,40,U
2094,2,20,44,U
2228,1,20,48,U
2229,2,20,52,U
2230,1,20,56,U
2080,1,21,0,U
2095,2,21,6,U
2096,1,21,12,U
2097,2,21,18,U
2098,1,21,24,U
2099,2,21,30,U
2100,1,21,36,U
2101,2,21,42,U
2102,1,21,48,U
2103,2,21,54,U
2081,1,22,0,U
2104,2,22,12,U
2105,1,22,24,U
2106,2,22,36,U
2107,1,22,48,U
2082,1,23,0,U
2108,2,23,30,U
